candidate_id,source_artifact,package_name,package_version,module_path,class_name,observation_operation,target_read_operation,state_fields_suspected,construction_hint,fixture_family,expected_boundary,priority,selected_for_harness
rc01_httpcore_Response,real_case_results.csv,httpcore,1.0.9,httpcore/_models.py,Response,response.read(),response.content,_content;_stream_consumed,"httpcore.Response(200, content=[b'alpha', b'beta'])",http_response,read() materializes _content; content flips RuntimeError->value,1,yes
rc02_PyYAML_SafeRepresenter,real_case_results.csv,PyYAML,6.0.3,yaml/representer.py,SafeRepresenter,represent_data(list) first,represent_data(list),represented_objects;object_keeper,SafeRepresenter(); mutable list payload,yaml_or_repr,identity cache returns stale node for mutated object,1,yes
rc03_pytest_catching_logs,real_case_results.csv,pytest,8.3.5,_pytest/logging.py,catching_logs,enter/exit catching_logs(level=ERROR),emit WARNING; read messages,handler.level,LogCaptureHandler + logging.getLogger,logging_handler,handler level mutation filters later WARNING,1,yes
rc04_rich_RichHandler,real_case_results.csv,rich,15.0.0,rich/logging.py,RichHandler,render_message(),handler.keywords,keywords,RichHandler() (rich NOT available -> import_failed),logging_handler,first render initializes keyword highlighter,1,yes
re01_markdown_Markdown,rescue_results.csv,markdown,3.10.2,markdown/core.py,Markdown,convert link-def first,convert('[alpha][]'),references,Markdown(output_format='html'),string_text,reference registry from prior convert changes later render,1,yes
re02_more_itertools_seekable,rescue_results.csv,more-itertools,11.0.2,more_itertools/more.py,seekable,next(it),next(it),_index;_cache,"seekable(iter(['a','b','c']))",iterator,cursor advance changes later next(),1,yes
re03_pygments_EscapeSequence,rescue_results.csv,pygments,2.20.0,pygments/formatters/terminal256.py,EscapeSequence,color_string(),reset_string(),fg;bg;bold,EscapeSequence(fg='ansired'),yaml_or_repr,suspected bold mutation (not triggered),2,yes
re04_docutils_Transformer,rescue_results.csv,docutils,0.22.4,docutils/transforms/__init__.py,Transformer,get_priority_string(10),inspect transform priority queue,serialno;sorted,new_document + 2 Transforms,unknown,serial bookkeeping advances on priority string,2,yes
re05_soupsieve_CSSMatch,rescue_results.csv,soupsieve,2.8.3,soupsieve/css_match.py,CSSMatch,match(first p),list(select()),cached_meta_lang,bs4 tree + compiled 'p.a',tree_or_html,selector caches (not triggered by simple selector),2,yes
re06_beautifulsoup4_PageElement,rescue_results.csv,beautifulsoup4,4.14.3,bs4/element.py,PageElement,first <p>.extract(),str(soup),tree children,BeautifulSoup('<p>a</p><p>b</p>'),tree_or_html,extract() destructively mutates tree,1,yes
re07_boltons_LRI,rescue_results.csv,boltons,25.0.0,boltons/cacheutils.py,LRI,__getitem__('a'),insert c; then items(),hit_count;miss_count,LRI(max_size=2),cache,access affects stats but not eviction order,2,yes
re08_boltons_LRU,rescue_results.csv,boltons,25.0.0,boltons/cacheutils.py,LRU,__getitem__('a'),insert c; then items(),recency order,LRU(max_size=2),cache,access reorders recency -> changes eviction,1,yes
re09_boltons_MultiFileReader,rescue_results.csv,boltons,25.0.0,boltons/ioutils.py,MultiFileReader,read(3),read(3),_index,MultiFileReader(BytesIO x3),io_bytes,stream cursor advances,1,yes
re10_cerberus_Validator,rescue_results.csv,cerberus,1.3.8,cerberus/validator.py,BareValidator,validate({'name':'Al'}),validator.errors,document;_errors,Validator(schema),list_or_dict,validate populates errors read later,1,yes
re11_dnspython_Tokenizer,rescue_results.csv,dnspython,2.8.0,dns/tokenizer.py,Tokenizer,get(),get_string(),current;eof,Tokenizer(StringIO('alpha beta')),parser_tokenizer,token consumption advances cursor,1,yes
re12_h11_ChunkedReader,rescue_results.csv,h11,0.16.0,h11/_readers.py,ChunkedReader,ChunkedReader()(buffer),ChunkedReader()(buffer),buffer;bytes_to_discard,ReceiveBuffer chunked body,buffer,Data vs EndOfMessage after consuming chunk,1,yes
re13_h11_ReceiveBuffer,rescue_results.csv,h11,0.16.0,h11/_receivebuffer.py,ReceiveBuffer,maybe_extract_next_line(),maybe_extract_lines(),data;next_line_search,ReceiveBuffer(header bytes),buffer,line extraction is destructive,1,yes
re14_dnspython_BTree,rescue_results.csv,dnspython,2.8.0,dns/btree.py,BTree,get_element('a'),get_element('b'),cursors;size,"BTree + KV a,b",unknown,lookup stable under minimal fixture,3,yes
re15_click_option_group_OptGroup,rescue_results.csv,click-option-group,0.5.9,src/click_option_group/_decorators.py,_OptGroup,call group decorator,build+invoke command,decorators registry,optgroup + CliRunner,unknown,"in-process decorator, no runtime divergence",3,yes
bs09_anyio_BlockingPortalProvider,behavioral_sweep_results.csv,anyio,4.13.0,anyio/from_thread.py,BlockingPortalProvider,__enter__(),read _leases,_leases;_portal,BlockingPortalProvider(),unknown,enter mutates lease counter (state-only),2,yes
bs06_anyio_CancelScope,behavioral_sweep_results.csv,anyio,4.13.0,anyio/_core/_tasks.py,CancelScope,no-op observation,read cancel_called,cancel_called,CancelScope(),unknown,no observation boundary at construction,3,yes
bs15_boltons_SpooledStringIO,behavioral_sweep_results.csv,boltons,25.0.0,boltons/ioutils.py,SpooledStringIO,read(3),read(3),buffer position,SpooledStringIO()+write,io_bytes,text cursor advances,2,yes
bs23_docutils_Publisher,behavioral_sweep_results.csv,docutils,0.22.4,docutils/core.py,Publisher,get_settings(),read .settings,settings,Publisher(),unknown,get_settings caches settings (state-only),2,yes
bs44_docutils_ViewList,behavioral_sweep_results.csv,docutils,0.22.4,docutils/statemachine.py,ViewList,len(view),list(view),data;items,"ViewList(['a','b'])",list_or_dict,"pure read, no divergence expected",3,yes
bs43_docutils_Reader,behavioral_sweep_results.csv,docutils,0.22.4,docutils/readers/__init__.py,Reader,no-op observation,read .parser,parser;source,Reader(),unknown,no construction-time boundary,3,yes
bs26_docutils_StringOutput,behavioral_sweep_results.csv,docutils,0.22.4,docutils/io.py,StringOutput,(excluded),write(),destination,write() has output side effects,unknown,unsafe to execute (output side effect),3,yes
bs20_dnspython_Message,behavioral_sweep_results.csv,dnspython,2.8.0,dns/message.py,Message,(n/a),(n/a),id,fresh instances not comparable,unknown,random id -> not order-comparable,3,yes
bs19_dnspython_EntropyPool,behavioral_sweep_results.csv,dnspython,2.8.0,dns/entropy.py,EntropyPool,(n/a),(n/a),pool,intentionally nondeterministic,unknown,randomness -> oracle N/A,3,yes
ext01_more_itertools_peekable,source_snapshot,more-itertools,11.0.2,more_itertools/more.py,peekable,peek(),next(it),_cache,"peekable(iter(['x','y','z']))",iterator,peek caches but next still consumes head,2,yes
ext02_boltons_SpooledBytesIO,source_snapshot,boltons,25.0.0,boltons/ioutils.py,SpooledBytesIO,read(3),read(3),buffer position,SpooledBytesIO()+write,io_bytes,byte cursor advances,2,yes
ext03_tomlkit_TOMLDocument,source_snapshot,tomlkit,0.15.0,tomlkit/container.py,TOMLDocument,doc['a'],dict(doc),_body,tomlkit.parse('a=1 b=2'),list_or_dict,"pure read, no divergence expected",3,yes
ext04_marshmallow_Schema,source_snapshot,marshmallow,4.3.0,marshmallow/schema.py,Schema,load({'name':'ok'}),dump({'name':'again'}),fields cache,Schema subclass with String field,list_or_dict,load/dump share no order-dependent state,3,yes
bs07_anyio_Runner,behavioral_sweep_results.csv,anyio,4.13.0,anyio/_backends/_asyncio.py,Runner,run,repr(class),_loop;_task,Runner() (may require args),unknown,event-loop runner; construction likely fails,3,yes
bs08_anyio_ContextManagerMixin,behavioral_sweep_results.csv,anyio,4.13.0,anyio/_core/_contextmanagers.py,ContextManagerMixin,__enter__,repr(class),_cm,abstract mixin,unknown,abstract mixin; construction likely fails,3,yes
bs10_beautifulsoup4_HTML5TreeBuilder,behavioral_sweep_results.csv,beautifulsoup4,4.14.3,bs4/builder/_html5lib.py,HTML5TreeBuilder,create_treebuilder,repr(class),soup,requires html5lib (not available),tree_or_html,html5lib missing -> import_failed,3,yes
bs21_dnspython_Buffer,behavioral_sweep_results.csv,dnspython,2.8.0,dns/quic/_common.py,Buffer,get,repr(class),_buffer;_seen_end,Buffer(),buffer,quic buffer; may not construct plainly,3,yes
bs24_docutils_OptionParser,behavioral_sweep_results.csv,docutils,0.22.4,docutils/frontend.py,OptionParser,get_config_file_settings,repr(class),config_files,OptionParser(components=()),unknown,config settings read; no order dependence expected,3,yes
bs25_docutils_Input,behavioral_sweep_results.csv,docutils,0.22.4,docutils/io.py,Input,decode,repr(class),source;encoding,Input() (needs source),unknown,base Input needs a source,3,yes
bs36_docutils_Inliner,behavioral_sweep_results.csv,docutils,0.22.4,docutils/parsers/rst/states.py,Inliner,parse,repr(class),patterns,Inliner(),unknown,constructs but parse needs document context,3,yes
bs45_docutils_MathElement,behavioral_sweep_results.csv,docutils,0.22.4,docutils/utils/math/mathml_elements.py,MathElement,close,repr(class),children,MathElement(),unknown,mathml node; append/close bookkeeping,3,yes
bs46_docutils_MathSchema,behavioral_sweep_results.csv,docutils,0.22.4,docutils/utils/math/mathml_elements.py,MathSchema,append,repr(class),children,MathSchema(),unknown,mathml schema node bookkeeping,3,yes
bs47_docutils_Writer,behavioral_sweep_results.csv,docutils,0.22.4,docutils/writers/__init__.py,Writer,(excluded),write(),output,write() has output side effects,unknown,unsafe to execute (output side effect),3,yes
bs48_docutils_pep_html_Writer,behavioral_sweep_results.csv,docutils,0.22.4,docutils/writers/pep_html/__init__.py,Writer,interpolation_dict,repr(class),settings,Writer(),unknown,interpolation dict read; no order dependence expected,3,yes
ext05_mistune_Markdown,source_snapshot,mistune,3.2.1,mistune/markdown.py,Markdown,parse ref-def first,render '[a][]',block state,mistune.create_markdown(),string_text,reference-style link resolution across calls,2,yes
ext06_more_itertools_spy,source_snapshot,more-itertools,11.0.2,more_itertools/more.py,spy,spy head,list(iterable),cached head,spy(iter([...])),iterator,spy returns head without consuming,2,yes
ext07_dnspython_Tokenizer_concat,source_snapshot,dnspython,2.8.0,dns/tokenizer.py,Tokenizer,get() twice,concatenate_remaining_identifiers,cursor,Tokenizer(StringIO('a b c')),parser_tokenizer,consuming tokens changes remaining concatenation,2,yes
ext08_boltons_LRU_pair2,source_snapshot,boltons,25.0.0,boltons/cacheutils.py,LRU,get('a') between two reads,popitem-order after insert,recency,LRU(max_size=2) pair2,cache,access between reads changes eviction victim,2,yes
dir_docutils_Body,behavioral_sweep_results.csv,docutils,0.22.4,docutils/parsers/rst/states.py,Body,(construction attempt),(construction attempt),state machine bookkeeping,"Body() requires (state_machine, debug) args",unknown,RST state class needs state machine -> could_not_construct,3,yes
dir_docutils_BulletList,behavioral_sweep_results.csv,docutils,0.22.4,docutils/parsers/rst/states.py,BulletList,(construction attempt),(construction attempt),state machine bookkeeping,"BulletList() requires (state_machine, debug) args",unknown,RST state class needs state machine -> could_not_construct,3,yes
dir_docutils_Definition,behavioral_sweep_results.csv,docutils,0.22.4,docutils/parsers/rst/states.py,Definition,(construction attempt),(construction attempt),state machine bookkeeping,"Definition() requires (state_machine, debug) args",unknown,RST state class needs state machine -> could_not_construct,3,yes
dir_docutils_EnumeratedList,behavioral_sweep_results.csv,docutils,0.22.4,docutils/parsers/rst/states.py,EnumeratedList,(construction attempt),(construction attempt),state machine bookkeeping,"EnumeratedList() requires (state_machine, debug) args",unknown,RST state class needs state machine -> could_not_construct,3,yes
dir_docutils_Explicit,behavioral_sweep_results.csv,docutils,0.22.4,docutils/parsers/rst/states.py,Explicit,(construction attempt),(construction attempt),state machine bookkeeping,"Explicit() requires (state_machine, debug) args",unknown,RST state class needs state machine -> could_not_construct,3,yes
dir_docutils_FieldList,behavioral_sweep_results.csv,docutils,0.22.4,docutils/parsers/rst/states.py,FieldList,(construction attempt),(construction attempt),state machine bookkeeping,"FieldList() requires (state_machine, debug) args",unknown,RST state class needs state machine -> could_not_construct,3,yes
dir_docutils_Line,behavioral_sweep_results.csv,docutils,0.22.4,docutils/parsers/rst/states.py,Line,(construction attempt),(construction attempt),state machine bookkeeping,"Line() requires (state_machine, debug) args",unknown,RST state class needs state machine -> could_not_construct,3,yes
dir_docutils_LineBlock,behavioral_sweep_results.csv,docutils,0.22.4,docutils/parsers/rst/states.py,LineBlock,(construction attempt),(construction attempt),state machine bookkeeping,"LineBlock() requires (state_machine, debug) args",unknown,RST state class needs state machine -> could_not_construct,3,yes
dir_docutils_OptionList,behavioral_sweep_results.csv,docutils,0.22.4,docutils/parsers/rst/states.py,OptionList,(construction attempt),(construction attempt),state machine bookkeeping,"OptionList() requires (state_machine, debug) args",unknown,RST state class needs state machine -> could_not_construct,3,yes
dir_docutils_RFC2822Body,behavioral_sweep_results.csv,docutils,0.22.4,docutils/parsers/rst/states.py,RFC2822Body,(construction attempt),(construction attempt),state machine bookkeeping,"RFC2822Body() requires (state_machine, debug) args",unknown,RST state class needs state machine -> could_not_construct,3,yes
dir_docutils_RFC2822List,behavioral_sweep_results.csv,docutils,0.22.4,docutils/parsers/rst/states.py,RFC2822List,(construction attempt),(construction attempt),state machine bookkeeping,"RFC2822List() requires (state_machine, debug) args",unknown,RST state class needs state machine -> could_not_construct,3,yes
dir_docutils_Text,behavioral_sweep_results.csv,docutils,0.22.4,docutils/parsers/rst/states.py,Text,(construction attempt),(construction attempt),state machine bookkeeping,"Text() requires (state_machine, debug) args",unknown,RST state class needs state machine -> could_not_construct,3,yes
dir_docutils_Include,behavioral_sweep_results.csv,docutils,0.22.4,docutils/parsers/rst/directives/misc.py,Include,(construction attempt),(construction attempt),state machine bookkeeping,"Include() requires (state_machine, debug) args",unknown,RST state class needs state machine -> could_not_construct,3,yes
