package,version,wheel_filename,sha256,pypi_files_url,pip_command
aiosignal,1.4.0,aiosignal-1.4.0-py3-none-any.whl,053243f8b92b990551949e63930a839ff0cf0b0ebbe0597b0f3fb19e1a0fe82e,https://pypi.org/project/aiosignal/1.4.0/#files,pip download aiosignal==1.4.0 --no-deps
anyio,4.13.0,anyio-4.13.0-py3-none-any.whl,08b310f9e24a9594186fd75b4f73f4a4152069e3853f1ed8bfbf58369f4ad708,https://pypi.org/project/anyio/4.13.0/#files,pip download anyio==4.13.0 --no-deps
arrow,1.4.0,arrow-1.4.0-py3-none-any.whl,749f0769958ebdc79c173ff0b0670d59051a535fa26e8eba02953dc19eb43205,https://pypi.org/project/arrow/1.4.0/#files,pip download arrow==1.4.0 --no-deps
attrs,26.1.0,attrs-26.1.0-py3-none-any.whl,c647aa4a12dfbad9333ca4e71fe62ddc36f4e63b2d260a37a8b83d2f043ac309,https://pypi.org/project/attrs/26.1.0/#files,pip download attrs==26.1.0 --no-deps
babel,2.18.0,babel-2.18.0-py3-none-any.whl,e2b422b277c2b9a9630c1d7903c2a00d0830c409c59ac8cae9081c92f1aeba35,https://pypi.org/project/babel/2.18.0/#files,pip download babel==2.18.0 --no-deps
beautifulsoup4,4.14.3,beautifulsoup4-4.14.3-py3-none-any.whl,0918bfe44902e6ad8d57732ba310582e98da931428d231a5ecb9e7c703a735bb,https://pypi.org/project/beautifulsoup4/4.14.3/#files,pip download beautifulsoup4==4.14.3 --no-deps
blinker,1.9.0,blinker-1.9.0-py3-none-any.whl,ba0efaa9080b619ff2f3459d1d500c57bddea4a6b424b60a91141db6fd2f08bc,https://pypi.org/project/blinker/1.9.0/#files,pip download blinker==1.9.0 --no-deps
boltons,25.0.0,boltons-25.0.0-py3-none-any.whl,dc9fb38bf28985715497d1b54d00b62ea866eca3938938ea9043e254a3a6ca62,https://pypi.org/project/boltons/25.0.0/#files,pip download boltons==25.0.0 --no-deps
cachetools,7.1.3,cachetools-7.1.3-py3-none-any.whl,9876787e2346e20584d5cca236cb5d49d04e7193de91646f230725b2e1e8b804,https://pypi.org/project/cachetools/7.1.3/#files,pip download cachetools==7.1.3 --no-deps
cattrs,26.1.0,cattrs-26.1.0-py3-none-any.whl,d1e0804c42639494d469d08d4f26d6b9de9b8ab26b446db7b5f8c2e97f7c3096,https://pypi.org/project/cattrs/26.1.0/#files,pip download cattrs==26.1.0 --no-deps
cerberus,1.3.8,cerberus-1.3.8-py3-none-any.whl,46c029e3e2a4735408ed36bec14ef2cbf3e50d8ebe47fb34ee1e54b2da814df2,https://pypi.org/project/cerberus/1.3.8/#files,pip download cerberus==1.3.8 --no-deps
click,8.4.0,click-8.4.0-py3-none-any.whl,40c50b7c6c6adac2823d411041ec84f3f103f1b280d5e9ce0d7f998995832f81,https://pypi.org/project/click/8.4.0/#files,pip download click==8.4.0 --no-deps
click_option_group,0.5.9,click_option_group-0.5.9-py3-none-any.whl,ad2599248bd373e2e19bec5407967c3eec1d0d4fc4a5e77b08a0481e75991080,https://pypi.org/project/click-option-group/0.5.9/#files,pip download click-option-group==0.5.9 --no-deps
dacite,1.9.2,dacite-1.9.2-py3-none-any.whl,053f7c3f5128ca2e9aceb66892b1a3c8936d02c686e707bee96e19deef4bc4a0,https://pypi.org/project/dacite/1.9.2/#files,pip download dacite==1.9.2 --no-deps
dateparser,1.4.0,dateparser-1.4.0-py3-none-any.whl,7902b8e85d603494bf70a5a0b1decdddb2270b9c6e6b2bc8a57b93476c0df378,https://pypi.org/project/dateparser/1.4.0/#files,pip download dateparser==1.4.0 --no-deps
deprecated,1.3.1,deprecated-1.3.1-py2.py3-none-any.whl,597bfef186b6f60181535a29fbe44865ce137a5079f295b479886c82729d5f3f,https://pypi.org/project/deprecated/1.3.1/#files,pip download deprecated==1.3.1 --no-deps
dnspython,2.8.0,dnspython-2.8.0-py3-none-any.whl,01d9bbc4a2d76bf0db7c1f729812ded6d912bd318d3b1cf81d30c0f845dbf3af,https://pypi.org/project/dnspython/2.8.0/#files,pip download dnspython==2.8.0 --no-deps
docutils,0.22.4,docutils-0.22.4-py3-none-any.whl,d0013f540772d1420576855455d050a2180186c91c15779301ac2ccb3eeb68de,https://pypi.org/project/docutils/0.22.4/#files,pip download docutils==0.22.4 --no-deps
email_validator,2.3.0,email_validator-2.3.0-py3-none-any.whl,80f13f623413e6b197ae73bb10bf4eb0908faf509ad8362c5edeb0be7fd450b4,https://pypi.org/project/email-validator/2.3.0/#files,pip download email-validator==2.3.0 --no-deps
fastjsonschema,2.21.2,fastjsonschema-2.21.2-py3-none-any.whl,1c797122d0a86c5cace2e54bf4e819c36223b552017172f32c5c024a6b77e463,https://pypi.org/project/fastjsonschema/2.21.2/#files,pip download fastjsonschema==2.21.2 --no-deps
filelock,3.29.0,filelock-3.29.0-py3-none-any.whl,96f5f6344709aa1572bbf631c640e4ebeeb519e08da902c39a001882f30ac258,https://pypi.org/project/filelock/3.29.0/#files,pip download filelock==3.29.0 --no-deps
flake8,7.3.0,flake8-7.3.0-py2.py3-none-any.whl,b9696257b9ce8beb888cdbe31cf885c90d31928fe202be0889a7cdafad32f01e,https://pypi.org/project/flake8/7.3.0/#files,pip download flake8==7.3.0 --no-deps
flask,3.1.3,flask-3.1.3-py3-none-any.whl,f4bcbefc124291925f1a26446da31a5178f9483862233b23c0c96a20701f670c,https://pypi.org/project/flask/3.1.3/#files,pip download flask==3.1.3 --no-deps
frozenlist,1.8.0,frozenlist-1.8.0-cp312-cp312-win_amd64.whl,34187385b08f866104f0c0617404c8eb08165ab1272e884abc89c112e9c00746,https://pypi.org/project/frozenlist/1.8.0/#files,pip download frozenlist==1.8.0 --no-deps
h11,0.16.0,h11-0.16.0-py3-none-any.whl,63cf8bbe7522de3bf65932fda1d9c2772064ffb3dae62d55932da54b31cb6c86,https://pypi.org/project/h11/0.16.0/#files,pip download h11==0.16.0 --no-deps
h2,4.3.0,h2-4.3.0-py3-none-any.whl,c438f029a25f7945c69e0ccf0fb951dc3f73a5f6412981daee861431b70e2bdd,https://pypi.org/project/h2/4.3.0/#files,pip download h2==4.3.0 --no-deps
humanize,4.15.0,humanize-4.15.0-py3-none-any.whl,b1186eb9f5a9749cd9cb8565aee77919dd7c8d076161cf44d70e59e3301e1769,https://pypi.org/project/humanize/4.15.0/#files,pip download humanize==4.15.0 --no-deps
importlib_metadata,9.0.0,importlib_metadata-9.0.0-py3-none-any.whl,2d21d1cc5a017bd0559e36150c21c830ab1dc304dedd1b7ea85d20f45ef3edd7,https://pypi.org/project/importlib-metadata/9.0.0/#files,pip download importlib-metadata==9.0.0 --no-deps
iniconfig,2.3.0,iniconfig-2.3.0-py3-none-any.whl,f631c04d2c48c52b84d0d0549c99ff3859c98df65b3101406327ecc7d53fbf12,https://pypi.org/project/iniconfig/2.3.0/#files,pip download iniconfig==2.3.0 --no-deps
itsdangerous,2.2.0,itsdangerous-2.2.0-py3-none-any.whl,c6242fc49e35958c8b15141343aa660db5fc54d4f13a1db01a3f5891b98700ef,https://pypi.org/project/itsdangerous/2.2.0/#files,pip download itsdangerous==2.2.0 --no-deps
jinja2,3.1.6,jinja2-3.1.6-py3-none-any.whl,85ece4451f492d0c13c5dd7c13a64681a86afae63a5f347908daf103ce6d2f67,https://pypi.org/project/jinja2/3.1.6/#files,pip download jinja2==3.1.6 --no-deps
jsonpatch,1.33,jsonpatch-1.33-py2.py3-none-any.whl,0ae28c0cd062bbd8b8ecc26d7d164fbbea9652a1a3693f3b956c1eae5145dade,https://pypi.org/project/jsonpatch/1.33/#files,pip download jsonpatch==1.33 --no-deps
jsonpointer,3.1.1,jsonpointer-3.1.1-py3-none-any.whl,8ff8b95779d071ba472cf5bc913028df06031797532f08a7d5b602d8b2a488ca,https://pypi.org/project/jsonpointer/3.1.1/#files,pip download jsonpointer==3.1.1 --no-deps
jsonschema,4.26.0,jsonschema-4.26.0-py3-none-any.whl,d489f15263b8d200f8387e64b4c3a75f06629559fb73deb8fdfb525f2dab50ce,https://pypi.org/project/jsonschema/4.26.0/#files,pip download jsonschema==4.26.0 --no-deps
loguru,0.7.3,loguru-0.7.3-py3-none-any.whl,31a33c10c8e1e10422bfd431aeb5d351c7cf7fa671e3c4df004162264b28220c,https://pypi.org/project/loguru/0.7.3/#files,pip download loguru==0.7.3 --no-deps
markdown,3.10.2,markdown-3.10.2-py3-none-any.whl,e91464b71ae3ee7afd3017d9f358ef0baf158fd9a298db92f1d4761133824c36,https://pypi.org/project/markdown/3.10.2/#files,pip download markdown==3.10.2 --no-deps
markupsafe,3.0.3,markupsafe-3.0.3-cp312-cp312-win_amd64.whl,26a5784ded40c9e318cfc2bdb30fe164bdb8665ded9cd64d500a34fb42067b1c,https://pypi.org/project/markupsafe/3.0.3/#files,pip download markupsafe==3.0.3 --no-deps
marshmallow,4.3.0,marshmallow-4.3.0-py3-none-any.whl,46c4fe6984707e3cbd485dfebbf0a59874f58d695aad05c1668d15e8c6e13b46,https://pypi.org/project/marshmallow/4.3.0/#files,pip download marshmallow==4.3.0 --no-deps
mccabe,0.7.0,mccabe-0.7.0-py2.py3-none-any.whl,6c2d30ab6be0e4a46919781807b4f0d834ebdd6c6e3dca0bda5a15f863427b6e,https://pypi.org/project/mccabe/0.7.0/#files,pip download mccabe==0.7.0 --no-deps
mistune,3.2.1,mistune-3.2.1-py3-none-any.whl,78cdb0ba5e938053ccf63651b352508d2efa9411dc8810bfb05f2dc5140c0048,https://pypi.org/project/mistune/3.2.1/#files,pip download mistune==3.2.1 --no-deps
more_itertools,11.0.2,more_itertools-11.0.2-py3-none-any.whl,6e35b35f818b01f691643c6c611bc0902f2e92b46c18fffa77ae1e7c46e912e4,https://pypi.org/project/more-itertools/11.0.2/#files,pip download more-itertools==11.0.2 --no-deps
multidict,6.7.1,multidict-6.7.1-cp312-cp312-win_amd64.whl,fcee94dfbd638784645b066074b338bc9cc155d4b4bffa4adce1615c5a426c19,https://pypi.org/project/multidict/6.7.1/#files,pip download multidict==6.7.1 --no-deps
mypy_extensions,1.1.0,mypy_extensions-1.1.0-py3-none-any.whl,1be4cccdb0f2482337c4743e60421de3a356cd97508abadd57d47403e94f5505,https://pypi.org/project/mypy-extensions/1.1.0/#files,pip download mypy-extensions==1.1.0 --no-deps
packaging,26.2,packaging-26.2-py3-none-any.whl,5fc45236b9446107ff2415ce77c807cee2862cb6fac22b8a73826d0693b0980e,https://pypi.org/project/packaging/26.2/#files,pip download packaging==26.2 --no-deps
parsedatetime,2.6,parsedatetime-2.6-py3-none-any.whl,cb96edd7016872f58479e35879294258c71437195760746faffedb692aef000b,https://pypi.org/project/parsedatetime/2.6/#files,pip download parsedatetime==2.6 --no-deps
pathspec,1.1.1,pathspec-1.1.1-py3-none-any.whl,a00ce642f577bf7f473932318056212bc4f8bfdf53128c78bbd5af0b9b20b189,https://pypi.org/project/pathspec/1.1.1/#files,pip download pathspec==1.1.1 --no-deps
pendulum,3.2.0,pendulum-3.2.0-cp312-cp312-win_amd64.whl,fd55c12560816d9122ca2142d9e428f32c0c083bf77719320b1767539c7a3a3b,https://pypi.org/project/pendulum/3.2.0/#files,pip download pendulum==3.2.0 --no-deps
platformdirs,4.9.6,platformdirs-4.9.6-py3-none-any.whl,e61adb1d5e5cb3441b4b7710bea7e4c12250ca49439228cc1021c00dcfac0917,https://pypi.org/project/platformdirs/4.9.6/#files,pip download platformdirs==4.9.6 --no-deps
pluggy,1.6.0,pluggy-1.6.0-py3-none-any.whl,e920276dd6813095e9377c0bc5566d94c932c33b27a3e3945d8389c374dd4746,https://pypi.org/project/pluggy/1.6.0/#files,pip download pluggy==1.6.0 --no-deps
pycodestyle,2.14.0,pycodestyle-2.14.0-py2.py3-none-any.whl,dd6bf7cb4ee77f8e016f9c8e74a35ddd9f67e1d5fd4184d86c3b98e07099f42d,https://pypi.org/project/pycodestyle/2.14.0/#files,pip download pycodestyle==2.14.0 --no-deps
pydocstyle,6.3.0,pydocstyle-6.3.0-py3-none-any.whl,118762d452a49d6b05e194ef344a55822987a462831ade91ec5c06fd2169d019,https://pypi.org/project/pydocstyle/6.3.0/#files,pip download pydocstyle==6.3.0 --no-deps
pyflakes,3.4.0,pyflakes-3.4.0-py2.py3-none-any.whl,f742a7dbd0d9cb9ea41e9a24a918996e8170c799fa528688d40dd582c8265f4f,https://pypi.org/project/pyflakes/3.4.0/#files,pip download pyflakes==3.4.0 --no-deps
pygments,2.20.0,pygments-2.20.0-py3-none-any.whl,81a9e26dd42fd28a23a2d169d86d7ac03b46e2f8b59ed4698fb4785f946d0176,https://pypi.org/project/pygments/2.20.0/#files,pip download pygments==2.20.0 --no-deps
pyparsing,3.3.2,pyparsing-3.3.2-py3-none-any.whl,850ba148bd908d7e2411587e247a1e4f0327839c40e2e5e6d05a007ecc69911d,https://pypi.org/project/pyparsing/3.3.2/#files,pip download pyparsing==3.3.2 --no-deps
python_dotenv,1.2.2,python_dotenv-1.2.2-py3-none-any.whl,1d8214789a24de455a8b8bd8ae6fe3c6b69a5e3d64aa8a8e5d68e694bbcb285a,https://pypi.org/project/python-dotenv/1.2.2/#files,pip download python-dotenv==1.2.2 --no-deps
requests,2.34.2,requests-2.34.2-py3-none-any.whl,2a0d60c172f83ac6ab31e4554906c0f3b3588d37b5cb939b1c061f4907e278e0,https://pypi.org/project/requests/2.34.2/#files,pip download requests==2.34.2 --no-deps
sniffio,1.3.1,sniffio-1.3.1-py3-none-any.whl,2f6da418d1f1e0fddd844478f41680e794e6051915791a034ff65e5f100525a2,https://pypi.org/project/sniffio/1.3.1/#files,pip download sniffio==1.3.1 --no-deps
sortedcontainers,2.4.0,sortedcontainers-2.4.0-py2.py3-none-any.whl,a163dcaede0f1c021485e957a39245190e74249897e2ae4b2aa38595db237ee0,https://pypi.org/project/sortedcontainers/2.4.0/#files,pip download sortedcontainers==2.4.0 --no-deps
soupsieve,2.8.3,soupsieve-2.8.3-py3-none-any.whl,ed64f2ba4eebeab06cc4962affce381647455978ffc1e36bb79a545b91f45a95,https://pypi.org/project/soupsieve/2.8.3/#files,pip download soupsieve==2.8.3 --no-deps
structlog,25.5.0,structlog-25.5.0-py3-none-any.whl,a8453e9b9e636ec59bd9e79bbd4a72f025981b3ba0f5837aebf48f02f37a7f9f,https://pypi.org/project/structlog/25.5.0/#files,pip download structlog==25.5.0 --no-deps
tenacity,9.1.4,tenacity-9.1.4-py3-none-any.whl,6095a360c919085f28c6527de529e76a06ad89b23659fa881ae0649b867a9d55,https://pypi.org/project/tenacity/9.1.4/#files,pip download tenacity==9.1.4 --no-deps
tomli,2.4.1,tomli-2.4.1-cp312-cp312-win_amd64.whl,52c8ef851d9a240f11a88c003eacb03c31fc1c9c4ec64a99a0f922b93874fda9,https://pypi.org/project/tomli/2.4.1/#files,pip download tomli==2.4.1 --no-deps
tomlkit,0.15.0,tomlkit-0.15.0-py3-none-any.whl,4dbc8f0fc024412b57ced8757ac7461305126a648ff8c2c807fcb8e133a78738,https://pypi.org/project/tomlkit/0.15.0/#files,pip download tomlkit==0.15.0 --no-deps
toolz,1.1.0,toolz-1.1.0-py3-none-any.whl,15ccc861ac51c53696de0a5d6d4607f99c210739caf987b5d2054f3efed429d8,https://pypi.org/project/toolz/1.1.0/#files,pip download toolz==1.1.0 --no-deps
tqdm,4.67.3,tqdm-4.67.3-py3-none-any.whl,ee1e4c0e59148062281c49d80b25b67771a127c85fc9676d3be5f243206826bf,https://pypi.org/project/tqdm/4.67.3/#files,pip download tqdm==4.67.3 --no-deps
typing_extensions,4.15.0,typing_extensions-4.15.0-py3-none-any.whl,f0fa19c6845758ab08074a0cfa8b7aecb71c999ca73d62883bc25cc018c4e548,https://pypi.org/project/typing-extensions/4.15.0/#files,pip download typing-extensions==4.15.0 --no-deps
typing_inspection,0.4.2,typing_inspection-0.4.2-py3-none-any.whl,4ed1cacbdc298c220f1bd249ed5287caa16f34d44ef4e9c3d0cbad5b521545e7,https://pypi.org/project/typing-inspection/0.4.2/#files,pip download typing-inspection==0.4.2 --no-deps
urllib3,2.7.0,urllib3-2.7.0-py3-none-any.whl,9fb4c81ebbb1ce9531cce37674bbc6f1360472bc18ca9a553ede278ef7276897,https://pypi.org/project/urllib3/2.7.0/#files,pip download urllib3==2.7.0 --no-deps
websockets,16.0,websockets-16.0-cp312-cp312-win_amd64.whl,5569417dc80977fc8c2d43a86f78e0a5a22fee17565d78621b6bb264a115d4ea,https://pypi.org/project/websockets/16.0/#files,pip download websockets==16.0 --no-deps
werkzeug,3.1.8,werkzeug-3.1.8-py3-none-any.whl,63a77fb8892bf28ebc3178683445222aa500e48ebad5ec77b0ad80f8726b1f50,https://pypi.org/project/werkzeug/3.1.8/#files,pip download werkzeug==3.1.8 --no-deps
wrapt,2.2.0,wrapt-2.2.0-cp312-cp312-win_amd64.whl,199abadf7dcceab4bdc5bfe356275a56b1cb429296e283da2fe90c20b09f8d07,https://pypi.org/project/wrapt/2.2.0/#files,pip download wrapt==2.2.0 --no-deps
wsproto,1.3.2,wsproto-1.3.2-py3-none-any.whl,61eea322cdf56e8cc904bd3ad7573359a242ba65688716b0710a5eb12beab584,https://pypi.org/project/wsproto/1.3.2/#files,pip download wsproto==1.3.2 --no-deps
yarl,1.24.2,yarl-1.24.2-cp312-cp312-win_amd64.whl,7dafe10c12ddd4d120d528c4b5599c953bd7b12845347d507b95451195bb6cad,https://pypi.org/project/yarl/1.24.2/#files,pip download yarl==1.24.2 --no-deps
