ablation,alpha_fit,beta,config,degree,entropy_increment,experiment,gamma_collapse,initial_entropy,inspects,legacy_nondecreasing,log_range,marginal_std,max,mean,min,n,nonlinearity,r2_alpha_fit,r2_e1,r2_gamma,range,schedule,sle_e1,source,std,steps
,,,e1_linear,1,,E1,,,1,,2.70805,,95.5,90.5062,80.5,100000,linear,,0.54198,,15.0,,1.899453,E1,5.2786,6
,,,e1_quadratic,2,,E1,,,1,,5.950643,,2444.8,2316.4237,2060.8,100000,quadratic,,0.54198,,384.0,,1.899453,E1,135.7884,6
,,,e1_cubic,3,,E1,,,1,,9.314484,,70654.72,66937.4309,59557.12,100000,cubic,,0.54198,,11097.6,,1.899453,E1,3916.3004,6
,,,e1_extreme,4,,E1,,,1,,11.121127,,233478.4,210336.9436,165894.4,100000,extreme,,0.54198,,67584.0,,1.899453,E1,24029.156,6
,,,e1_degree_5,5,,E1,,,1,,16.378935,,82640586.7008,78308221.0074,69660389.8368,100000,degree_5,,0.54198,,12980196.864,,1.899453,E1,4585251.0167,6
,,,e1_degree_6,6,,E1,,,1,,20.067815,,3305623468.032,3131904128.2531,2786415593.472,100000,degree_6,,0.54198,,519207874.56,,1.899453,E1,183310718.3463,6
,,,e1_degree_7,7,,E1,,,1,,23.854275,,145777994940.2113,138121246175.1831,122880927672.1153,100000,degree_7,,0.54198,,22897067268.096,,1.899453,E1,8086938932.0615,6
,,,e1_degree_8,8,,E1,,,1,,27.733774,,7055654955106.23,6685512340913.21,5947436899330.383,100000,degree_8,,0.54198,,1108218055775.8477,,1.899453,E1,391062156837.5952,6
,,,e1_self_ref_yyx2,9,,E1,,,1,,14.484968,,6747525.76,6079121.1444,4794348.16,100000,self_ref_yyx2,,0.54198,,1953177.6,,1.899453,E1,693076.6021,6
,,,e1_self_ref_yyy_x,10,,E1,,,1,,16.006347,,22297187.2,19163935.1651,13354499.2,100000,self_ref_yyy_x,,0.54198,,8942688.0,,1.899453,E1,3194511.5281,6
,,,e2_e0_0p25_de_0p02,,0.02,E2,,0.25,1,,5.61057,,1454.867,1363.7038,1181.567,100000,quadratic,,,,273.3,,,E2,96.3224,6
,,,e2_e0_0p25_de_0p05,,0.05,E2,,0.25,1,,5.668155,,1572.95,1476.2597,1283.45,100000,quadratic,,,,289.5,,,E2,102.1783,6
,,,e2_e0_0p25_de_0p1,,0.1,E2,,0.25,1,,5.757323,,1777.675,1672.5058,1461.175,100000,quadratic,,,,316.5,,,E2,111.4985,6
,,,e2_e0_0p25_de_0p2,,0.2,E2,,0.25,1,,5.914853,,2216.825,2093.2319,1846.325,100000,quadratic,,,,370.5,,,E2,131.0281,6
,,,e2_e0_0p25_de_0p5,,0.5,E2,,0.25,1,,6.277583,,3771.875,3594.1851,3239.375,100000,quadratic,,,,532.5,,,E2,188.2235,6
,,,e2_e0_0p5_de_0p02,,0.02,E2,,0.5,1,,5.689684,,1648.592,1549.9545,1352.792,100000,quadratic,,,,295.8,,,E2,104.3686,6
,,,e2_e0_0p5_de_0p05,,0.05,E2,,0.5,1,,5.743003,,1773.2,1669.1661,1461.2,100000,quadratic,,,,312.0,,,E2,110.2988,6
,,,e2_e0_0p5_de_0p1,,0.1,E2,,0.5,1,,5.826,,1988.8,1876.0988,1649.8,100000,quadratic,,,,339.0,,,E2,119.438,6
,,,e2_e0_0p5_de_0p2,,0.2,E2,,0.5,1,,5.97381,,2449.7,2318.58,2056.7,100000,quadratic,,,,393.0,,,E2,138.5483,6
,,,e2_e0_0p5_de_0p5,,0.5,E2,,0.5,1,,6.318968,,4070.0,3885.7781,3515.0,100000,quadratic,,,,555.0,,,E2,195.0891,6
,,,e2_e0_1p0_de_0p02,,0.02,E2,,1.0,1,,5.831296,,2069.792,1956.6478,1728.992,100000,quadratic,,,,340.8,,,E2,120.0644,6
,,,e2_e0_1p0_de_0p05,,0.05,E2,,1.0,1,,5.877736,,2207.45,2088.7646,1850.45,100000,quadratic,,,,357.0,,,E2,125.7799,6
,,,e2_e0_1p0_de_0p1,,0.1,E2,,1.0,1,,5.950643,,2444.8,2316.7583,2060.8,100000,quadratic,,,,384.0,,,E2,135.7523,6
,,,e2_e0_1p0_de_0p2,,0.2,E2,,1.0,1,,6.082219,,2949.2,2803.351,2511.2,100000,quadratic,,,,438.0,,,E2,154.5784,6
,,,e2_e0_1p0_de_0p5,,0.5,E2,,1.0,1,,6.39693,,4700.0,4499.3844,4100.0,100000,quadratic,,,,600.0,,,E2,211.9885,6
,,,e2_e0_2p0_de_0p02,,0.02,E2,,2.0,1,,6.065644,,3047.192,2904.2798,2616.392,100000,quadratic,,,,430.8,,,E2,151.5648,6
,,,e2_e0_2p0_de_0p05,,0.05,E2,,2.0,1,,6.102559,,3210.95,3061.8135,2763.95,100000,quadratic,,,,447.0,,,E2,157.5854,6
,,,e2_e0_2p0_de_0p1,,0.1,E2,,2.0,1,,6.161207,,3491.8,3333.9634,3017.8,100000,quadratic,,,,474.0,,,E2,167.2834,6
,,,e2_e0_2p0_de_0p2,,0.2,E2,,2.0,1,,6.269096,,4083.2,3907.1426,3555.2,100000,quadratic,,,,528.0,,,E2,186.6594,6
,,,e2_e0_2p0_de_0p5,,0.5,E2,,2.0,1,,6.536692,,6095.0,5866.07,5405.0,100000,quadratic,,,,690.0,,,E2,243.2371,6
,,,e2_e0_4p0_de_0p02,,0.02,E2,,4.0,1,,6.41477,,5541.992,5338.5699,4931.192,100000,quadratic,,,,610.8,,,E2,215.3748,6
,,,e2_e0_4p0_de_0p05,,0.05,E2,,4.0,1,,6.440947,,5757.95,5549.1185,5130.95,100000,quadratic,,,,627.0,,,E2,221.1779,6
,,,e2_e0_4p0_de_0p1,,0.1,E2,,4.0,1,,6.483107,,6125.8,5907.2027,5471.8,100000,quadratic,,,,654.0,,,E2,231.1596,6
,,,e2_e0_4p0_de_0p2,,0.2,E2,,4.0,1,,6.562444,,6891.2,6654.5906,6183.2,100000,quadratic,,,,708.0,,,E2,250.2352,6
,,,e2_e0_4p0_de_0p5,,0.5,E2,,4.0,1,,6.768493,,9425.0,9134.5551,8555.0,100000,quadratic,,,,870.0,,,E2,307.4037,6
none,,,ablation_baseline,,,E3,,,1,,5.950643,,2444.8,2316.7583,2060.8,100000,,,,,384.0,,,E3,135.7523,6
noop_inspect,,,ablation_noop_inspect,,,E3,,,1,,0.0,,1577.8,1577.8,1577.8,100000,,,,,0.0,,,E3,0.0,6
no_entropy,,,ablation_no_entropy,,,E3,,,1,,5.799093,,1980.0,1869.4806,1650.0,100000,,,,,330.0,,,E3,116.7647,6
fixed_order,,,ablation_fixed_order,,,E3,,,1,,0.0,,2444.8,2444.8,2444.8,100000,,,,,0.0,,,E3,0.0,6
,,0.0,e4_constant_beta_0p0_steps_6,,,E4,3.330216,,1,,5.950643,,2444.8,2316.5645,2060.8,100000,quadratic,,,0.998566,384.0,constant,,E4,135.5626,6
,,0.0,e4_constant_beta_0p0_steps_12,,,E4,3.330216,,1,,8.069155,,14645.84,13582.13,11451.44,100000,quadratic,,,0.998566,3194.4,constant,,E4,1040.29,12
,,0.0,e4_constant_beta_0p0_steps_20,,,E4,3.330216,,1,,9.746834,,74430.0,68725.4625,57330.0,100000,quadratic,,,0.998566,17100.0,constant,,E4,5387.24,20
,,0.0,e4_constant_beta_0p0_steps_50,,,E4,3.330216,,1,,12.9968,,2517300.0,2370145.1796,2076300.0,100000,quadratic,,,0.998566,441000.0,constant,,E4,134800.1159,50
,,0.0,e4_linear_decay_beta_0p0_steps_6,,,E4,3.330216,,1,,5.950643,,2444.8,2316.7867,2060.8,100000,quadratic,,,0.998566,384.0,linear_decay,,E4,135.7314,6
,,0.0,e4_linear_decay_beta_0p0_steps_12,,,E4,3.330216,,1,,8.069155,,14645.84,13581.3551,11451.44,100000,quadratic,,,0.998566,3194.4,linear_decay,,E4,1040.5476,12
,,0.0,e4_linear_decay_beta_0p0_steps_20,,,E4,3.330216,,1,,9.746834,,74430.0,68736.8916,57330.0,100000,quadratic,,,0.998566,17100.0,linear_decay,,E4,5379.7539,20
,,0.0,e4_linear_decay_beta_0p0_steps_50,,,E4,3.330216,,1,,12.9968,,2517300.0,2369941.56,2076300.0,100000,quadratic,,,0.998566,441000.0,linear_decay,,E4,134669.7934,50
,,0.05,e4_linear_decay_beta_0p05_steps_6,,,E4,2.945859,,1,,5.925725,,2367.156,2242.3345,1992.606,100000,quadratic,,,0.999997,374.55,linear_decay,,E4,132.2175,6
,,0.05,e4_linear_decay_beta_0p05_steps_12,,,E4,2.945859,,1,,7.96746,,12698.2554,11737.1215,9812.7354,100000,quadratic,,,0.999997,2885.52,linear_decay,,E4,941.6627,12
,,0.05,e4_linear_decay_beta_0p05_steps_20,,,E4,2.945859,,1,,9.481131,,50409.675,46032.246,37299.675,100000,quadratic,,,0.999997,13110.0,linear_decay,,E4,4132.5858,20
,,0.05,e4_linear_decay_beta_0p05_steps_50,,,E4,2.945859,,1,,12.170122,,643202.4375,578729.4219,450264.9375,100000,quadratic,,,0.999997,192937.5,linear_decay,,E4,58853.2896,50
,,0.1,e4_linear_decay_beta_0p1_steps_6,,,E4,2.876384,,1,,5.900171,,2290.394,2168.3068,1925.294,100000,quadratic,,,0.99994,365.1,linear_decay,,E4,129.1202,6
,,0.1,e4_linear_decay_beta_0p1_steps_12,,,E4,2.876384,,1,,7.863421,,10968.96,10101.7022,8368.56,100000,quadratic,,,0.99994,2600.4,linear_decay,,E4,846.473,12
,,0.1,e4_linear_decay_beta_0p1_steps_20,,,E4,2.876384,,1,,9.324562,,39069.8,35326.5645,27859.8,100000,quadratic,,,0.99994,11210.0,linear_decay,,E4,3534.8784,20
,,0.1,e4_linear_decay_beta_0p1_steps_50,,,E4,2.876384,,1,,11.997279,,463478.375,409688.6048,301165.875,100000,quadratic,,,0.99994,162312.5,linear_decay,,E4,49357.9028,50
,,0.2,e4_linear_decay_beta_0p2_steps_6,,,E4,2.853198,,1,,5.852202,,2150.64,2034.4869,1802.64,100000,quadratic,,,0.999887,348.0,linear_decay,,E4,123.0649,6
,,0.2,e4_linear_decay_beta_0p2_steps_12,,,E4,2.853198,,1,,7.784224,,9642.36,8838.7463,7239.96,100000,quadratic,,,0.999887,2402.4,linear_decay,,E4,783.8935,12
,,0.2,e4_linear_decay_beta_0p2_steps_20,,,E4,2.853198,,1,,9.236008,,33355.8,29937.5849,23095.8,100000,quadratic,,,0.999887,10260.0,linear_decay,,E4,3231.9299,20
,,0.2,e4_linear_decay_beta_0p2_steps_50,,,E4,2.853198,,1,,11.898188,,383364.0,334558.2096,236364.0,100000,quadratic,,,0.999887,147000.0,linear_decay,,E4,44775.5786,50
,,0.5,e4_linear_decay_beta_0p5_steps_6,,,E4,2.841523,,1,,5.812637,,2023.725,1911.6472,1689.225,100000,quadratic,,,0.99987,334.5,linear_decay,,E4,118.3029,6
,,0.5,e4_linear_decay_beta_0p5_steps_12,,,E4,2.841523,,1,,7.733508,,8833.38,8071.6399,6549.78,100000,quadratic,,,0.99987,2283.6,linear_decay,,E4,745.7744,12
,,0.5,e4_linear_decay_beta_0p5_steps_20,,,E4,2.841523,,1,,9.17885,,30064.5,26845.1576,20374.5,100000,quadratic,,,0.99987,9690.0,linear_decay,,E4,3047.1046,20
,,0.5,e4_linear_decay_beta_0p5_steps_50,,,E4,2.841523,,1,,11.833649,,338765.625,292779.2137,200953.125,100000,quadratic,,,0.99987,137812.5,linear_decay,,E4,42084.6251,50
,,1.0,e4_linear_decay_beta_1p0_steps_6,,,E4,2.837347,,1,,5.799093,,1980.0,1869.8814,1650.0,100000,quadratic,,,0.999863,330.0,linear_decay,,E4,116.5109,6
,,1.0,e4_linear_decay_beta_1p0_steps_12,,,E4,2.837347,,1,,7.716015,,8568.0,7822.295,6324.0,100000,quadratic,,,0.999863,2244.0,linear_decay,,E4,730.6252,12
,,1.0,e4_linear_decay_beta_1p0_steps_20,,,E4,2.837347,,1,,9.159047,,29000.0,25840.5185,19500.0,100000,quadratic,,,0.999863,9500.0,linear_decay,,E4,2984.4046,20
,,1.0,e4_linear_decay_beta_1p0_steps_50,,,E4,2.837347,,1,,11.811176,,324500.0,279552.7911,189750.0,100000,quadratic,,,0.999863,134750.0,linear_decay,,E4,41046.8304,50
,,0.0,e4_exponential_decay_beta_0p0_steps_6,,,E4,3.330216,,1,,5.950643,,2444.8,2316.9277,2060.8,100000,quadratic,,,0.998566,384.0,exponential_decay,,E4,135.6469,6
,,0.0,e4_exponential_decay_beta_0p0_steps_12,,,E4,3.330216,,1,,8.069155,,14645.84,13578.4162,11451.44,100000,quadratic,,,0.998566,3194.4,exponential_decay,,E4,1041.5506,12
,,0.0,e4_exponential_decay_beta_0p0_steps_20,,,E4,3.330216,,1,,9.746834,,74430.0,68736.1005,57330.0,100000,quadratic,,,0.998566,17100.0,exponential_decay,,E4,5382.1163,20
,,0.0,e4_exponential_decay_beta_0p0_steps_50,,,E4,3.330216,,1,,12.9968,,2517300.0,2370553.1208,2076300.0,100000,quadratic,,,0.998566,441000.0,exponential_decay,,E4,134394.8658,50
,,0.05,e4_exponential_decay_beta_0p05_steps_6,,,E4,3.059281,,1,,5.928248,,2374.4553,2249.4409,1998.9592,100000,quadratic,,,0.999871,375.4961,exponential_decay,,E4,132.4568,6
,,0.05,e4_exponential_decay_beta_0p05_steps_12,,,E4,3.059281,,1,,7.986493,,13019.266,12038.5814,10078.3018,100000,quadratic,,,0.999871,2940.9642,exponential_decay,,E4,957.4823,12
,,0.05,e4_exponential_decay_beta_0p05_steps_20,,,E4,3.059281,,1,,9.559941,,56125.2299,51394.9383,41940.2158,100000,quadratic,,,0.999871,14185.0142,exponential_decay,,E4,4462.3947,20
,,0.05,e4_exponential_decay_beta_0p05_steps_50,,,E4,3.059281,,1,,12.40659,,955165.8375,873723.308,710758.9395,100000,quadratic,,,0.999871,244406.898,exponential_decay,,E4,74565.3182,50
,,0.1,e4_exponential_decay_beta_0p1_steps_6,,,E4,2.953902,,1,,5.90974,,2317.3067,2194.6961,1948.6963,100000,quadratic,,,0.999969,368.6104,exponential_decay,,E4,129.7685,6
,,0.1,e4_exponential_decay_beta_0p1_steps_12,,,E4,2.953902,,1,,7.92669,,11940.5331,11015.7552,9170.2905,100000,quadratic,,,0.999969,2770.2426,exponential_decay,,E4,903.3977,12
,,0.1,e4_exponential_decay_beta_0p1_steps_20,,,E4,2.953902,,1,,9.443369,,46879.2914,42657.027,34255.1141,100000,quadratic,,,0.999969,12624.1773,exponential_decay,,E4,3989.475,20
,,0.1,e4_exponential_decay_beta_0p1_steps_50,,,E4,2.953902,,1,,12.168351,,632622.9037,568401.3437,440026.7787,100000,quadratic,,,0.999969,192596.125,exponential_decay,,E4,58840.5176,50
,,0.2,e4_exponential_decay_beta_0p2_steps_6,,,E4,2.885828,,1,,5.881667,,2231.9986,2112.6151,1873.5922,100000,quadratic,,,0.999951,358.4064,exponential_decay,,E4,126.2817,6
,,0.2,e4_exponential_decay_beta_0p2_steps_12,,,E4,2.885828,,1,,7.851376,,10677.6146,9820.1414,8108.347,100000,quadratic,,,0.999951,2569.2676,exponential_decay,,E4,837.1882,12
,,0.2,e4_exponential_decay_beta_0p2_steps_20,,,E4,2.885828,,1,,9.322319,,38598.5517,34871.3119,27413.6583,100000,quadratic,,,0.999951,11184.8935,exponential_decay,,E4,3527.0343,20
,,0.2,e4_exponential_decay_beta_0p2_steps_50,,,E4,2.885828,,1,,11.997899,,462982.8472,408918.7519,300569.5878,100000,quadratic,,,0.999951,162413.2594,exponential_decay,,E4,49477.2255,50
,,0.5,e4_exponential_decay_beta_0p5_steps_6,,,E4,2.850619,,1,,5.838263,,2101.5464,1986.8747,1758.3637,100000,quadratic,,,0.999887,343.1827,exponential_decay,,E4,121.2237,6
,,0.5,e4_exponential_decay_beta_0p5_steps_12,,,E4,2.850619,,1,,7.768865,,9376.5006,8586.4898,7010.7169,100000,quadratic,,,0.999887,2365.7837,exponential_decay,,E4,770.8353,12
,,0.5,e4_exponential_decay_beta_0p5_steps_20,,,E4,2.850619,,1,,9.218878,,32310.726,28934.564,22224.9849,100000,quadratic,,,0.999887,10085.7412,exponential_decay,,E4,3173.0958,20
,,0.5,e4_exponential_decay_beta_0p5_steps_50,,,E4,2.850619,,1,,11.878899,,369393.0106,321366.716,225201.3594,100000,quadratic,,,0.999887,144191.6513,exponential_decay,,E4,43866.4378,50
,,1.0,e4_exponential_decay_beta_1p0_steps_6,,,E4,2.84221,,1,,5.814801,,2029.6943,1918.3386,1694.4695,100000,quadratic,,,0.999871,335.2248,exponential_decay,,E4,118.3032,6
,,1.0,e4_exponential_decay_beta_1p0_steps_12,,,E4,2.84221,,1,,7.736347,,8875.4078,8110.4392,6585.3155,100000,quadratic,,,0.999871,2290.0923,exponential_decay,,E4,745.5955,12
,,1.0,e4_exponential_decay_beta_1p0_steps_20,,,E4,2.84221,,1,,9.182059,,30238.0999,26997.8386,20516.9488,100000,quadratic,,,0.999871,9721.1511,exponential_decay,,E4,3053.991,20
,,1.0,e4_exponential_decay_beta_1p0_steps_50,,,E4,2.84221,,1,,11.837286,,341127.6946,295088.7381,202813.0872,100000,quadratic,,,0.999871,138314.6073,exponential_decay,,E4,42146.8685,50
,3.272676,,e5_steps_3,,,E5,,,1,True,3.925926,,616.85,599.8723,566.15,100000,quadratic,0.995774,,,50.7,,,E5,20.7277,3
,3.272676,,e5_steps_6,,,E5,,,1,True,5.950643,115.144,2444.8,2316.1956,2060.8,100000,quadratic,0.995774,,,384.0,,,E5,135.8717,6
,3.272676,,e5_steps_9,,,E5,,,1,True,7.169812,299.3095,6584.64,6151.1822,5285.04,100000,quadratic,0.995774,,,1299.6,,,E5,435.1812,9
,3.272676,,e5_steps_12,,,E5,,,1,True,8.069155,607.7141,14645.84,13575.6119,11451.44,100000,quadratic,0.995774,,,3194.4,,,E5,1042.8953,12
,3.272676,,e5_steps_15,,,E5,,,1,True,8.789127,1055.274,28843.75,26662.2175,22281.25,100000,quadratic,0.995774,,,6562.5,,,E5,2098.1693,15
,3.272676,,e5_steps_20,,,E5,,,1,True,9.746834,3290.0755,74430.0,68700.8853,57330.0,100000,quadratic,0.995774,,,17100.0,,,E5,5388.2448,20
,3.272676,,e5_steps_25,,,E5,,,1,True,10.511894,6056.1304,164150.0,151902.6325,127400.0,100000,quadratic,0.995774,,,36750.0,,,E5,11444.3752,25
,3.272676,,e5_steps_30,,,E5,,,1,True,11.15052,10096.2984,324080.0,300841.6944,254480.0,100000,quadratic,0.995774,,,69600.0,,,E5,21540.6736,30
,3.272676,,e5_steps_40,,,E5,,,1,True,12.180755,38180.9039,1003500.0,938805.93,808500.0,100000,quadratic,0.995774,,,195000.0,,,E5,59721.5775,40
,3.272676,,e5_steps_50,,,E5,,,1,True,12.9968,74730.0107,2517300.0,2370162.7224,2076300.0,100000,quadratic,0.995774,,,441000.0,,,E5,134451.5882,50
,3.272676,,e5_steps_75,,,E5,,,1,True,14.511123,470114.9406,14509606.25,13844471.9263,12504668.75,100000,quadratic,0.995774,,,2004937.5,,,E5,604566.5288,75
,3.272676,,e5_steps_100,,,E5,,,1,True,15.605518,1204605.7286,52919350.0,50916013.258,46929850.0,100000,quadratic,0.995774,,,5989500.0,,,E5,1809172.2574,100
