rank,package,version,file_path,class_name,line_start,line_end,read_or_observer_method,mutated_state,later_read_or_branch,composition_or_threshold_site,candidate_strength,expected_behavior_difference,harness_feasibility,notes
1,httpcore,1.0.9,httpcore-1.0.9\httpcore\_models.py,Response,,,read,_content,response.read() changes later response.content from exception to bytes,,high,response.read() changes later response.content from exception to bytes,easy,source=expanded_queue_available_source; state_mutating_reader
2,pytest,9.1.1,pytest-9.1.1\src\_pytest\logging.py,catching_logs,,,__enter__,orig_level,enter/exit changes handler level and later WARNING filtering,,high,enter/exit changes handler level and later WARNING filtering,easy,source=expanded_queue_available_source; context_manager_bookkeeping
3,PyYAML,6.0.3,yaml\representer.py,SafeRepresenter,,,,,represent_data() alias cache returns stale node after object mutation,,high,represent_data() alias cache returns stale node after object mutation,moderate,source=expanded_queue_available_source; other
4,rich,15.0.0,rich-15.0.0\rich\logging.py,RichHandler,,,render_message,keywords,render_message() initializes keyword state,,medium,render_message() initializes keyword state,easy,source=expanded_queue_available_source; state_mutating_reader
5,Babel,2.18.0,babel-2.18.0\babel\messages\frontend.py,CommandLineInterface,890,,run,parser,structural state mutation may or may not affect later behavior,,medium,structural state mutation may or may not affect later behavior,unknown,source=reviewed_73_package_findings; source review found state mutation on a method/property/call path that returns a value or access handle
6,anyio,4.13.0,anyio-4.13.0\src\anyio\from_thread.py,BlockingPortalProvider,443,,__enter__,"_leases,_portal,_portal_cm",structural state mutation may or may not affect later behavior,,medium,structural state mutation may or may not affect later behavior,unknown,source=reviewed_73_package_findings; source review found state mutation on a method/property/call path that returns a value or access handle
7,anyio,4.13.0,anyio-4.13.0\src\anyio\_backends\_asyncio.py,CancelScope,389,,__enter__,"_active,_host_task,_parent_scope",structural state mutation may or may not affect later behavior,,medium,structural state mutation may or may not affect later behavior,unknown,source=reviewed_73_package_findings; source review found state mutation on a method/property/call path that returns a value or access handle
8,anyio,4.13.0,anyio-4.13.0\src\anyio\_core\_contextmanagers.py,ContextManagerMixin,23,,__enter__,__cm,structural state mutation may or may not affect later behavior,,medium,structural state mutation may or may not affect later behavior,unknown,source=reviewed_73_package_findings; source review found state mutation on a method/property/call path that returns a value or access handle
9,anyio,4.13.0,anyio-4.13.0\src\anyio\_backends\_asyncio.py,Runner,128,,run,_interrupt_count,structural state mutation may or may not affect later behavior,,medium,structural state mutation may or may not affect later behavior,unknown,source=reviewed_73_package_findings; source review found state mutation on a method/property/call path that returns a value or access handle
10,anyio,4.13.0,anyio-4.13.0\src\anyio\_backends\_asyncio.py,StreamProtocol,1195,,eof_received,is_at_eof,structural state mutation may or may not affect later behavior,,medium,structural state mutation may or may not affect later behavior,unknown,source=reviewed_73_package_findings; source review found state mutation on a method/property/call path that returns a value or access handle
11,anyio,4.13.0,anyio-4.13.0\src\anyio\from_thread.py,_BlockingAsyncContextManager,123,,__enter__,"_enter_future,_exit_future",structural state mutation may or may not affect later behavior,,medium,structural state mutation may or may not affect later behavior,unknown,source=reviewed_73_package_findings; source review found state mutation on a method/property/call path that returns a value or access handle
12,anyio,4.13.0,anyio-4.13.0\src\anyio\_backends\_asyncio.py,_RawSocketMixin,1349,,_wait_until_readable,_receive_future,structural state mutation may or may not affect later behavior,,medium,structural state mutation may or may not affect later behavior,unknown,source=reviewed_73_package_findings; source review found state mutation on a method/property/call path that returns a value or access handle
13,anyio,4.13.0,anyio-4.13.0\src\anyio\_backends\_trio.py,_SignalReceiver,818,,__enter__,"_cm,_iterator",structural state mutation may or may not affect later behavior,,medium,structural state mutation may or may not affect later behavior,unknown,source=reviewed_73_package_findings; source review found state mutation on a method/property/call path that returns a value or access handle
14,beautifulsoup4,4.14.3,beautifulsoup4-4.14.3\bs4\builder\_html5lib.py,HTML5TreeBuilder,59,,create_treebuilder,underlying_builder,structural state mutation may or may not affect later behavior,,medium,structural state mutation may or may not affect later behavior,unknown,source=reviewed_73_package_findings; source review found state mutation on a method/property/call path that returns a value or access handle
15,beautifulsoup4,4.14.3,beautifulsoup4-4.14.3\bs4\element.py,PageElement,352,,extract,"next_sibling,parent,previous_element,previous_sibling",structural state mutation may or may not affect later behavior,,medium,structural state mutation may or may not affect later behavior,unknown,source=reviewed_73_package_findings; source review found state mutation on a method/property/call path that returns a value or access handle
16,boltons,25.0.0,boltons-25.0.0\boltons\socketutils.py,BufferedSocket,94,,recv_close,rbuf,structural state mutation may or may not affect later behavior,,medium,structural state mutation may or may not affect later behavior,unknown,source=reviewed_73_package_findings; source review found state mutation on a method/property/call path that returns a value or access handle
17,boltons,25.0.0,boltons-25.0.0\boltons\formatutils.py,DeferredValue,281,,get_value,_value,structural state mutation may or may not affect later behavior,,medium,structural state mutation may or may not affect later behavior,unknown,source=reviewed_73_package_findings; source review found state mutation on a method/property/call path that returns a value or access handle
18,boltons,25.0.0,boltons-25.0.0\boltons\deprutils.py,DeprecatableModule,39,,__getattribute__,_deprecated_members,structural state mutation may or may not affect later behavior,,medium,structural state mutation may or may not affect later behavior,unknown,source=reviewed_73_package_findings; source review found state mutation on a method/property/call path that returns a value or access handle
19,boltons,25.0.0,boltons-25.0.0\boltons\cacheutils.py,LRI,94,,_set_key_and_evict_last_in_ll,_anchor,structural state mutation may or may not affect later behavior,,medium,structural state mutation may or may not affect later behavior,unknown,source=reviewed_73_package_findings; source review found state mutation on a method/property/call path that returns a value or access handle
20,boltons,25.0.0,boltons-25.0.0\boltons\cacheutils.py,LRU,332,,__getitem__,"hit_count,miss_count",structural state mutation may or may not affect later behavior,,medium,structural state mutation may or may not affect later behavior,unknown,source=reviewed_73_package_findings; source review found state mutation on a method/property/call path that returns a value or access handle
21,boltons,25.0.0,boltons-25.0.0\boltons\ioutils.py,MultiFileReader,525,,read,_index,structural state mutation may or may not affect later behavior,,medium,structural state mutation may or may not affect later behavior,unknown,source=reviewed_73_package_findings; source review found state mutation on a method/property/call path that returns a value or access handle
22,boltons,25.0.0,boltons-25.0.0\boltons\ioutils.py,SpooledStringIO,367,,read,_tell,structural state mutation may or may not affect later behavior,,medium,structural state mutation may or may not affect later behavior,unknown,source=reviewed_73_package_findings; source review found state mutation on a method/property/call path that returns a value or access handle
23,cachetools,7.1.3,cachetools-7.1.3\src\cachetools\__init__.py,TLRUCache,585,,expire,__order,structural state mutation may or may not affect later behavior,,medium,structural state mutation may or may not affect later behavior,unknown,source=reviewed_73_package_findings; source review found state mutation on a method/property/call path that returns a value or access handle
24,cachetools,7.1.3,cachetools-7.1.3\src\cachetools\_cachedmethod.py,Wrapper,150,,__call__,"__hits,__misses",structural state mutation may or may not affect later behavior,,medium,structural state mutation may or may not affect later behavior,unknown,source=reviewed_73_package_findings; source review found state mutation on a method/property/call path that returns a value or access handle
25,cachetools,7.1.3,cachetools-7.1.3\src\cachetools\_cachedmethod.py,Wrapper,198,,__call__,"__hits,__misses",structural state mutation may or may not affect later behavior,,medium,structural state mutation may or may not affect later behavior,unknown,source=reviewed_73_package_findings; source review found state mutation on a method/property/call path that returns a value or access handle
26,cachetools,7.1.3,cachetools-7.1.3\src\cachetools\_cachedmethod.py,Wrapper,238,,__call__,"__hits,__misses",structural state mutation may or may not affect later behavior,,medium,structural state mutation may or may not affect later behavior,unknown,source=reviewed_73_package_findings; source review found state mutation on a method/property/call path that returns a value or access handle
27,cachetools,7.1.3,cachetools-7.1.3\src\cachetools\__init__.py,_Timer,369,,__enter__,"__nesting,__time",structural state mutation may or may not affect later behavior,,medium,structural state mutation may or may not affect later behavior,unknown,source=reviewed_73_package_findings; source review found state mutation on a method/property/call path that returns a value or access handle
28,cerberus,1.3.8,cerberus-1.3.8\cerberus\validator.py,BareValidator,59,,__normalize_mapping,_is_normalized,structural state mutation may or may not affect later behavior,,medium,structural state mutation may or may not affect later behavior,unknown,source=reviewed_73_package_findings; source review found state mutation on a method/property/call path that returns a value or access handle
29,click-option-group,0.5.9,click_option_group-0.5.9\src\click_option_group\_decorators.py,_OptGroup,44,,__call__,_outer_frame_index,structural state mutation may or may not affect later behavior,,medium,structural state mutation may or may not affect later behavior,unknown,source=reviewed_73_package_findings; source review found state mutation on a method/property/call path that returns a value or access handle
30,dateparser,1.4.0,dateparser-1.4.0\dateparser\parser.py,_parser,241,,_correct_for_time_frame,_token_month,structural state mutation may or may not affect later behavior,,medium,structural state mutation may or may not affect later behavior,unknown,source=reviewed_73_package_findings; source review found state mutation on a method/property/call path that returns a value or access handle
31,dnspython,2.8.0,dnspython-2.8.0\dns\btree.py,BTree,613,,insert_element,"root,size",structural state mutation may or may not affect later behavior,,medium,structural state mutation may or may not affect later behavior,unknown,source=reviewed_73_package_findings; source review found state mutation on a method/property/call path that returns a value or access handle
32,dnspython,2.8.0,dnspython-2.8.0\dns\resolver.py,BaseResolver,906,,read_resolv_conf,"domain,nameservers,ndots,rotate,search,timeout",structural state mutation may or may not affect later behavior,,medium,structural state mutation may or may not affect later behavior,unknown,source=reviewed_73_package_findings; source review found state mutation on a method/property/call path that returns a value or access handle
33,dnspython,2.8.0,dnspython-2.8.0\dns\quic\_common.py,Buffer,30,,get,_buffer,structural state mutation may or may not affect later behavior,,medium,structural state mutation may or may not affect later behavior,unknown,source=reviewed_73_package_findings; source review found state mutation on a method/property/call path that returns a value or access handle
34,dnspython,2.8.0,dnspython-2.8.0\dns\btree.py,Cursor,381,,prev,"current_index,current_node,increasing,parking_key,parking_key_read,recurse",structural state mutation may or may not affect later behavior,,medium,structural state mutation may or may not affect later behavior,unknown,source=reviewed_73_package_findings; source review found state mutation on a method/property/call path that returns a value or access handle
35,dnspython,2.8.0,dnspython-2.8.0\dns\entropy.py,EntropyPool,26,,random_8,"digest,next_byte",structural state mutation may or may not affect later behavior,,medium,structural state mutation may or may not affect later behavior,unknown,source=reviewed_73_package_findings; source review found state mutation on a method/property/call path that returns a value or access handle
36,dnspython,2.8.0,dnspython-2.8.0\dns\xfr.py,Inbound,56,,process_message,"delete_mode,done,expecting_SOA,incremental,serial,soa_rdataset,txn",structural state mutation may or may not affect later behavior,,medium,structural state mutation may or may not affect later behavior,unknown,source=reviewed_73_package_findings; source review found state mutation on a method/property/call path that returns a value or access handle
37,dnspython,2.8.0,dnspython-2.8.0\dns\message.py,Message,143,,to_wire,"tsig_ctx,wire",structural state mutation may or may not affect later behavior,,medium,structural state mutation may or may not affect later behavior,unknown,source=reviewed_73_package_findings; source review found state mutation on a method/property/call path that returns a value or access handle
38,dnspython,2.8.0,dnspython-2.8.0\dns\rdtypes\ANY\OPT.py,OPT,30,,__init__,options,structural state mutation may or may not affect later behavior,,medium,structural state mutation may or may not affect later behavior,unknown,source=reviewed_73_package_findings; source review found state mutation on a method/property/call path that returns a value or access handle
39,dnspython,2.8.0,dnspython-2.8.0\dns\wire.py,Parser,11,,get_bytes,"current,furthest",structural state mutation may or may not affect later behavior,,medium,structural state mutation may or may not affect later behavior,unknown,source=reviewed_73_package_findings; source review found state mutation on a method/property/call path that returns a value or access handle
40,dnspython,2.8.0,dnspython-2.8.0\dns\zonefile.py,Reader,88,,_generate_line,"last_name,last_ttl,last_ttl_known",structural state mutation may or may not affect later behavior,,medium,structural state mutation may or may not affect later behavior,unknown,source=reviewed_73_package_findings; source review found state mutation on a method/property/call path that returns a value or access handle
41,dnspython,2.8.0,dnspython-2.8.0\dns\serial.py,Serial,6,,__iadd__,value,structural state mutation may or may not affect later behavior,,medium,structural state mutation may or may not affect later behavior,unknown,source=reviewed_73_package_findings; source review found state mutation on a method/property/call path that returns a value or access handle
42,dnspython,2.8.0,dnspython-2.8.0\dns\tokenizer.py,Tokenizer,198,,_get_char,"eof,line_number,ungotten_char",structural state mutation may or may not affect later behavior,,medium,structural state mutation may or may not affect later behavior,unknown,source=reviewed_73_package_findings; source review found state mutation on a method/property/call path that returns a value or access handle
43,dnspython,2.8.0,dnspython-2.8.0\dns\versioned.py,Zone,32,,writer,"_write_event,_write_txn",structural state mutation may or may not affect later behavior,,medium,structural state mutation may or may not affect later behavior,unknown,source=reviewed_73_package_findings; source review found state mutation on a method/property/call path that returns a value or access handle
44,dnspython,2.8.0,dnspython-2.8.0\dns\btree.py,_Node,52,,split,"children,elts",structural state mutation may or may not affect later behavior,,medium,structural state mutation may or may not affect later behavior,unknown,source=reviewed_73_package_findings; source review found state mutation on a method/property/call path that returns a value or access handle
45,dnspython,2.8.0,dnspython-2.8.0\dns\resolver.py,_Resolution,636,,next_request,"backoff,current_nameservers,errors,nameserver,nameservers,qname,request,retry_with_tcp,tcp_attempt",structural state mutation may or may not affect later behavior,,medium,structural state mutation may or may not affect later behavior,unknown,source=reviewed_73_package_findings; source review found state mutation on a method/property/call path that returns a value or access handle
46,dnspython,2.8.0,dnspython-2.8.0\dns\message.py,_TextReader,1418,,read,"message,one_rr_per_rrset",structural state mutation may or may not affect later behavior,,medium,structural state mutation may or may not affect later behavior,unknown,source=reviewed_73_package_findings; source review found state mutation on a method/property/call path that returns a value or access handle
47,dnspython,2.8.0,dnspython-2.8.0\dns\message.py,_WireReader,1111,,read,"message,one_rr_per_rrset",structural state mutation may or may not affect later behavior,,medium,structural state mutation may or may not affect later behavior,unknown,source=reviewed_73_package_findings; source review found state mutation on a method/property/call path that returns a value or access handle
48,docutils,0.22.4,docutils-0.22.4\docutils\writers\latex2e\__init__.py,Babel,297,,__call__,setup,structural state mutation may or may not affect later behavior,,medium,structural state mutation may or may not affect later behavior,unknown,source=reviewed_73_package_findings; source review found state mutation on a method/property/call path that returns a value or access handle
49,docutils,0.22.4,docutils-0.22.4\docutils\parsers\rst\states.py,Body,1181,,indent,parent,structural state mutation may or may not affect later behavior,,medium,structural state mutation may or may not affect later behavior,unknown,source=reviewed_73_package_findings; source review found state mutation on a method/property/call path that returns a value or access handle
50,docutils,0.22.4,docutils-0.22.4\docutils\parsers\rst\states.py,BulletList,2657,,bullet,"blank_finish,parent",structural state mutation may or may not affect later behavior,,medium,structural state mutation may or may not affect later behavior,unknown,source=reviewed_73_package_findings; source review found state mutation on a method/property/call path that returns a value or access handle
51,docutils,0.22.4,docutils-0.22.4\docutils\parsers\rst\states.py,Definition,3048,,indent,"blank_finish,parent",structural state mutation may or may not affect later behavior,,medium,structural state mutation may or may not affect later behavior,unknown,source=reviewed_73_package_findings; source review found state mutation on a method/property/call path that returns a value or access handle
52,docutils,0.22.4,docutils-0.22.4\docutils\writers\manpage.py,EnumChar,406,,__next__,_cnt,structural state mutation may or may not affect later behavior,,medium,structural state mutation may or may not affect later behavior,unknown,source=reviewed_73_package_findings; source review found state mutation on a method/property/call path that returns a value or access handle
53,docutils,0.22.4,docutils-0.22.4\docutils\parsers\rst\states.py,EnumeratedList,2681,,enumerator,"auto,blank_finish,lastordinal,parent",structural state mutation may or may not affect later behavior,,medium,structural state mutation may or may not affect later behavior,unknown,source=reviewed_73_package_findings; source review found state mutation on a method/property/call path that returns a value or access handle
54,docutils,0.22.4,docutils-0.22.4\docutils\parsers\rst\states.py,Explicit,2785,,explicit_markup,"blank_finish,parent",structural state mutation may or may not affect later behavior,,medium,structural state mutation may or may not affect later behavior,unknown,source=reviewed_73_package_findings; source review found state mutation on a method/property/call path that returns a value or access handle
55,docutils,0.22.4,docutils-0.22.4\docutils\parsers\rst\states.py,FieldList,2705,,field_marker,"blank_finish,parent",structural state mutation may or may not affect later behavior,,medium,structural state mutation may or may not affect later behavior,unknown,source=reviewed_73_package_findings; source review found state mutation on a method/property/call path that returns a value or access handle
56,docutils,0.22.4,docutils-0.22.4\docutils\parsers\rst\directives\misc.py,Include,42,,run,"clip_options,settings,tab_width",structural state mutation may or may not affect later behavior,,medium,structural state mutation may or may not affect later behavior,unknown,source=reviewed_73_package_findings; source review found state mutation on a method/property/call path that returns a value or access handle
57,docutils,0.22.4,docutils-0.22.4\docutils\parsers\rst\states.py,Inliner,571,,parse,"document,language,parent,reporter",structural state mutation may or may not affect later behavior,,medium,structural state mutation may or may not affect later behavior,unknown,source=reviewed_73_package_findings; source review found state mutation on a method/property/call path that returns a value or access handle
58,docutils,0.22.4,docutils-0.22.4\docutils\io.py,Input,78,,decode,successful_encoding,structural state mutation may or may not affect later behavior,,medium,structural state mutation may or may not affect later behavior,unknown,source=reviewed_73_package_findings; source review found state mutation on a method/property/call path that returns a value or access handle
59,docutils,0.22.4,docutils-0.22.4\docutils\writers\latex2e\__init__.py,LaTeXTranslator,1132,,pop_output_collector,out,structural state mutation may or may not affect later behavior,,medium,structural state mutation may or may not affect later behavior,unknown,source=reviewed_73_package_findings; source review found state mutation on a method/property/call path that returns a value or access handle
60,docutils,0.22.4,docutils-0.22.4\docutils\parsers\rst\states.py,Line,3065,,eof,parent,structural state mutation may or may not affect later behavior,,medium,structural state mutation may or may not affect later behavior,unknown,source=reviewed_73_package_findings; source review found state mutation on a method/property/call path that returns a value or access handle
61,docutils,0.22.4,docutils-0.22.4\docutils\parsers\rst\directives\body.py,LineBlock,99,,run,content_offset,structural state mutation may or may not affect later behavior,,medium,structural state mutation may or may not affect later behavior,unknown,source=reviewed_73_package_findings; source review found state mutation on a method/property/call path that returns a value or access handle
62,docutils,0.22.4,docutils-0.22.4\docutils\parsers\rst\states.py,LineBlock,2769,,line_block,"blank_finish,parent",structural state mutation may or may not affect later behavior,,medium,structural state mutation may or may not affect later behavior,unknown,source=reviewed_73_package_findings; source review found state mutation on a method/property/call path that returns a value or access handle
63,docutils,0.22.4,docutils-0.22.4\docutils\utils\math\mathml_elements.py,MathElement,60,,close,nchildren,structural state mutation may or may not affect later behavior,,medium,structural state mutation may or may not affect later behavior,unknown,source=reviewed_73_package_findings; source review found state mutation on a method/property/call path that returns a value or access handle
64,docutils,0.22.4,docutils-0.22.4\docutils\utils\math\mathml_elements.py,MathSchema,250,,append,switch,structural state mutation may or may not affect later behavior,,medium,structural state mutation may or may not affect later behavior,unknown,source=reviewed_73_package_findings; source review found state mutation on a method/property/call path that returns a value or access handle
65,docutils,0.22.4,docutils-0.22.4\docutils\parsers\rst\directives\misc.py,MetaBody,571,,field_marker,parent,structural state mutation may or may not affect later behavior,,medium,structural state mutation may or may not affect later behavior,unknown,source=reviewed_73_package_findings; source review found state mutation on a method/property/call path that returns a value or access handle
66,docutils,0.22.4,docutils-0.22.4\docutils\parsers\rst\states.py,NestedStateMachine,188,,run,"document,language,match_titles,memo,node,reporter",structural state mutation may or may not affect later behavior,,medium,structural state mutation may or may not affect later behavior,unknown,source=reviewed_73_package_findings; source review found state mutation on a method/property/call path that returns a value or access handle
67,docutils,0.22.4,docutils-0.22.4\docutils\writers\odf_odt\__init__.py,ODFTranslator,776,,make_field_element,style_index,structural state mutation may or may not affect later behavior,,medium,structural state mutation may or may not affect later behavior,unknown,source=reviewed_73_package_findings; source review found state mutation on a method/property/call path that returns a value or access handle
68,docutils,0.22.4,docutils-0.22.4\docutils\parsers\rst\states.py,OptionList,2717,,option_marker,"blank_finish,parent",structural state mutation may or may not affect later behavior,,medium,structural state mutation may or may not affect later behavior,unknown,source=reviewed_73_package_findings; source review found state mutation on a method/property/call path that returns a value or access handle
69,docutils,0.22.4,docutils-0.22.4\docutils\frontend.py,OptionParser,646,,get_config_file_settings,config_files,structural state mutation may or may not affect later behavior,,medium,structural state mutation may or may not affect later behavior,unknown,source=reviewed_73_package_findings; source review found state mutation on a method/property/call path that returns a value or access handle
70,docutils,0.22.4,docutils-0.22.4\docutils\core.py,Publisher,37,,get_settings,settings,structural state mutation may or may not affect later behavior,,medium,structural state mutation may or may not affect later behavior,unknown,source=reviewed_73_package_findings; source review found state mutation on a method/property/call path that returns a value or access handle
71,docutils,0.22.4,docutils-0.22.4\docutils\parsers\rst\states.py,QuotedLiteralBlock,3188,,eof,parent,structural state mutation may or may not affect later behavior,,medium,structural state mutation may or may not affect later behavior,unknown,source=reviewed_73_package_findings; source review found state mutation on a method/property/call path that returns a value or access handle
72,docutils,0.22.4,docutils-0.22.4\docutils\parsers\rst\states.py,RFC2822Body,2567,,rfc2822,parent,structural state mutation may or may not affect later behavior,,medium,structural state mutation may or may not affect later behavior,unknown,source=reviewed_73_package_findings; source review found state mutation on a method/property/call path that returns a value or access handle
73,docutils,0.22.4,docutils-0.22.4\docutils\parsers\rst\states.py,RFC2822List,2732,,rfc2822,"blank_finish,parent",structural state mutation may or may not affect later behavior,,medium,structural state mutation may or may not affect later behavior,unknown,source=reviewed_73_package_findings; source review found state mutation on a method/property/call path that returns a value or access handle
74,docutils,0.22.4,docutils-0.22.4\docutils\parsers\rst\states.py,RSTState,221,,check_subsection,parent,structural state mutation may or may not affect later behavior,,medium,structural state mutation may or may not affect later behavior,unknown,source=reviewed_73_package_findings; source review found state mutation on a method/property/call path that returns a value or access handle
75,docutils,0.22.4,docutils-0.22.4\docutils\readers\__init__.py,Reader,29,,read,"input,parser,settings,source",structural state mutation may or may not affect later behavior,,medium,structural state mutation may or may not affect later behavior,unknown,source=reviewed_73_package_findings; source review found state mutation on a method/property/call path that returns a value or access handle
76,docutils,0.22.4,docutils-0.22.4\docutils\utils\__init__.py,Reporter,52,,system_message,max_level,structural state mutation may or may not affect later behavior,,medium,structural state mutation may or may not affect later behavior,unknown,source=reviewed_73_package_findings; source review found state mutation on a method/property/call path that returns a value or access handle
77,docutils,0.22.4,docutils-0.22.4\docutils\statemachine.py,StateMachine,119,,run,"current_state,input_lines,input_offset,line_offset,observers",structural state mutation may or may not affect later behavior,,medium,structural state mutation may or may not affect later behavior,unknown,source=reviewed_73_package_findings; source review found state mutation on a method/property/call path that returns a value or access handle
78,docutils,0.22.4,docutils-0.22.4\docutils\io.py,StringOutput,648,,write,destination,structural state mutation may or may not affect later behavior,,medium,structural state mutation may or may not affect later behavior,unknown,source=reviewed_73_package_findings; source review found state mutation on a method/property/call path that returns a value or access handle
79,docutils,0.22.4,docutils-0.22.4\docutils\writers\latex2e\__init__.py,Table,863,,get_colspecs,"_colwidths,_rowspan",structural state mutation may or may not affect later behavior,,medium,structural state mutation may or may not affect later behavior,unknown,source=reviewed_73_package_findings; source review found state mutation on a method/property/call path that returns a value or access handle
80,docutils,0.22.4,docutils-0.22.4\docutils\parsers\rst\states.py,Text,2832,,blank,parent,structural state mutation may or may not affect later behavior,,medium,structural state mutation may or may not affect later behavior,unknown,source=reviewed_73_package_findings; source review found state mutation on a method/property/call path that returns a value or access handle
81,docutils,0.22.4,docutils-0.22.4\docutils\transforms\__init__.py,Transformer,65,,get_priority_string,serialno,structural state mutation may or may not affect later behavior,,medium,structural state mutation may or may not affect later behavior,unknown,source=reviewed_73_package_findings; source review found state mutation on a method/property/call path that returns a value or access handle
82,docutils,0.22.4,docutils-0.22.4\docutils\writers\manpage.py,Translator,210,,list_start,"_cnt,_indent,_style",structural state mutation may or may not affect later behavior,,medium,structural state mutation may or may not affect later behavior,unknown,source=reviewed_73_package_findings; source review found state mutation on a method/property/call path that returns a value or access handle
83,docutils,0.22.4,docutils-0.22.4\docutils\statemachine.py,ViewList,1051,,__iadd__,data,structural state mutation may or may not affect later behavior,,medium,structural state mutation may or may not affect later behavior,unknown,source=reviewed_73_package_findings; source review found state mutation on a method/property/call path that returns a value or access handle
84,docutils,0.22.4,docutils-0.22.4\docutils\writers\__init__.py,Writer,32,,write,"destination,document,language",structural state mutation may or may not affect later behavior,,medium,structural state mutation may or may not affect later behavior,unknown,source=reviewed_73_package_findings; source review found state mutation on a method/property/call path that returns a value or access handle
85,docutils,0.22.4,docutils-0.22.4\docutils\writers\pep_html\__init__.py,Writer,20,,interpolation_dict,"pepnum,title",structural state mutation may or may not affect later behavior,,medium,structural state mutation may or may not affect later behavior,unknown,source=reviewed_73_package_findings; source review found state mutation on a method/property/call path that returns a value or access handle
86,fastjsonschema,2.21.2,fastjsonschema-2.21.2\fastjsonschema\generator.py,CodeGenerator,17,,generate_func_code_block,_variables,structural state mutation may or may not affect later behavior,,medium,structural state mutation may or may not affect later behavior,unknown,source=reviewed_73_package_findings; source review found state mutation on a method/property/call path that returns a value or access handle
87,filelock,3.29.0,filelock-3.29.0\src\filelock\_read_write.py,ReadWriteLock,99,,_validate_reentrant,_lock_level,structural state mutation may or may not affect later behavior,,medium,structural state mutation may or may not affect later behavior,unknown,source=reviewed_73_package_findings; source review found state mutation on a method/property/call path that returns a value or access handle
88,filelock,3.29.0,filelock-3.29.0\src\filelock\_soft_rw\_sync.py,SoftReadWriteLock,129,,_acquire,_hold,structural state mutation may or may not affect later behavior,,medium,structural state mutation may or may not affect later behavior,unknown,source=reviewed_73_package_findings; source review found state mutation on a method/property/call path that returns a value or access handle
89,flake8,7.3.0,flake8-7.3.0\src\flake8\processor.py,FileProcessor,31,,build_logical_line,logical_line,structural state mutation may or may not affect later behavior,,medium,structural state mutation may or may not affect later behavior,unknown,source=reviewed_73_package_findings; source review found state mutation on a method/property/call path that returns a value or access handle
90,flask,3.1.3,flask-3.1.3\src\flask\app.py,Flask,81,,full_dispatch_request,_got_first_request,structural state mutation may or may not affect later behavior,,medium,structural state mutation may or may not affect later behavior,unknown,source=reviewed_73_package_findings; source review found state mutation on a method/property/call path that returns a value or access handle
91,h11,0.16.0,h11-0.16.0\h11\_readers.py,ChunkedReader,148,,__call__,"_bytes_in_chunk,_bytes_to_discard,_reading_trailer",structural state mutation may or may not affect later behavior,,medium,structural state mutation may or may not affect later behavior,unknown,source=reviewed_73_package_findings; source review found state mutation on a method/property/call path that returns a value or access handle
92,h11,0.16.0,h11-0.16.0\h11\_readers.py,ContentLengthReader,122,,__call__,_remaining,structural state mutation may or may not affect later behavior,,medium,structural state mutation may or may not affect later behavior,unknown,source=reviewed_73_package_findings; source review found state mutation on a method/property/call path that returns a value or access handle
93,h11,0.16.0,h11-0.16.0\h11\_receivebuffer.py,ReceiveBuffer,47,,__iadd__,_data,structural state mutation may or may not affect later behavior,,medium,structural state mutation may or may not affect later behavior,unknown,source=reviewed_73_package_findings; source review found state mutation on a method/property/call path that returns a value or access handle
94,h2,4.3.0,h2-4.3.0\src\h2\frame_buffer.py,FrameBuffer,26,,_update_header_buffer,_headers_buffer,structural state mutation may or may not affect later behavior,,medium,structural state mutation may or may not affect later behavior,unknown,source=reviewed_73_package_findings; source review found state mutation on a method/property/call path that returns a value or access handle
95,h2,4.3.0,h2-4.3.0\src\h2\connection.py,H2Connection,274,,_begin_new_stream,"highest_inbound_stream_id,highest_outbound_stream_id",structural state mutation may or may not affect later behavior,,medium,structural state mutation may or may not affect later behavior,unknown,source=reviewed_73_package_findings; source review found state mutation on a method/property/call path that returns a value or access handle
96,h2,4.3.0,h2-4.3.0\src\h2\connection.py,H2ConnectionStateMachine,109,,process_input,state,structural state mutation may or may not affect later behavior,,medium,structural state mutation may or may not affect later behavior,unknown,source=reviewed_73_package_findings; source review found state mutation on a method/property/call path that returns a value or access handle
97,h2,4.3.0,h2-4.3.0\src\h2\stream.py,H2Stream,762,,send_headers,"_authority,request_method",structural state mutation may or may not affect later behavior,,medium,structural state mutation may or may not affect later behavior,unknown,source=reviewed_73_package_findings; source review found state mutation on a method/property/call path that returns a value or access handle
98,h2,4.3.0,h2-4.3.0\src\h2\stream.py,H2StreamStateMachine,107,,process_input,state,structural state mutation may or may not affect later behavior,,medium,structural state mutation may or may not affect later behavior,unknown,source=reviewed_73_package_findings; source review found state mutation on a method/property/call path that returns a value or access handle
99,h2,4.3.0,h2-4.3.0\src\h2\windows.py,WindowManager,22,,process_bytes,_bytes_processed,structural state mutation may or may not affect later behavior,,medium,structural state mutation may or may not affect later behavior,unknown,source=reviewed_73_package_findings; source review found state mutation on a method/property/call path that returns a value or access handle
100,importlib-metadata,9.0.0,importlib_metadata-9.0.0\importlib_metadata\_context.py,ExceptionTrap,8,,__exit__,exc_info,structural state mutation may or may not affect later behavior,,medium,structural state mutation may or may not affect later behavior,unknown,source=reviewed_73_package_findings; source review found state mutation on a method/property/call path that returns a value or access handle
101,jinja2,3.1.6,jinja2-3.1.6\src\jinja2\compiler.py,CodeGenerator,300,,temporary_identifier,_last_identifier,structural state mutation may or may not affect later behavior,,medium,structural state mutation may or may not affect later behavior,unknown,source=reviewed_73_package_findings; source review found state mutation on a method/property/call path that returns a value or access handle
102,jinja2,3.1.6,jinja2-3.1.6\src\jinja2\utils.py,Cycler,677,,next,pos,structural state mutation may or may not affect later behavior,,medium,structural state mutation may or may not affect later behavior,unknown,source=reviewed_73_package_findings; source review found state mutation on a method/property/call path that returns a value or access handle
103,jinja2,3.1.6,jinja2-3.1.6\src\jinja2\utils.py,Joiner,731,,__call__,used,structural state mutation may or may not affect later behavior,,medium,structural state mutation may or may not affect later behavior,unknown,source=reviewed_73_package_findings; source review found state mutation on a method/property/call path that returns a value or access handle
104,jinja2,3.1.6,jinja2-3.1.6\src\jinja2\runtime.py,LoopContext,394,,length,"_iterator,_length",structural state mutation may or may not affect later behavior,,medium,structural state mutation may or may not affect later behavior,unknown,source=reviewed_73_package_findings; source review found state mutation on a method/property/call path that returns a value or access handle
105,jinja2,3.1.6,jinja2-3.1.6\src\jinja2\parser.py,Parser,48,,free_identifier,_last_identifier,structural state mutation may or may not affect later behavior,,medium,structural state mutation may or may not affect later behavior,unknown,source=reviewed_73_package_findings; source review found state mutation on a method/property/call path that returns a value or access handle
106,jinja2,3.1.6,jinja2-3.1.6\src\jinja2\lexer.py,TokenStream,319,,look,current,structural state mutation may or may not affect later behavior,,medium,structural state mutation may or may not affect later behavior,unknown,source=reviewed_73_package_findings; source review found state mutation on a method/property/call path that returns a value or access handle
107,jinja2,3.1.6,jinja2-3.1.6\src\jinja2\ext.py,_CommentFinder,734,,find_backwards,offset,structural state mutation may or may not affect later behavior,,medium,structural state mutation may or may not affect later behavior,unknown,source=reviewed_73_package_findings; source review found state mutation on a method/property/call path that returns a value or access handle
108,jsonpatch,1.33,jsonpatch-1.33\jsonpatch.py,AddOperation,272,,_on_undo_remove,key,structural state mutation may or may not affect later behavior,,medium,structural state mutation may or may not affect later behavior,unknown,source=reviewed_73_package_findings; source review found state mutation on a method/property/call path that returns a value or access handle
109,jsonpatch,1.33,jsonpatch-1.33\jsonpatch.py,MoveOperation,366,,_on_undo_remove,"from_key,key",structural state mutation may or may not affect later behavior,,medium,structural state mutation may or may not affect later behavior,unknown,source=reviewed_73_package_findings; source review found state mutation on a method/property/call path that returns a value or access handle
110,jsonpatch,1.33,jsonpatch-1.33\jsonpatch.py,RemoveOperation,238,,_on_undo_remove,key,structural state mutation may or may not affect later behavior,,medium,structural state mutation may or may not affect later behavior,unknown,source=reviewed_73_package_findings; source review found state mutation on a method/property/call path that returns a value or access handle
111,loguru,0.7.3,loguru-0.7.3\loguru\_file_sink.py,RotationTime,108,,__call__,_limit,structural state mutation may or may not affect later behavior,,medium,structural state mutation may or may not affect later behavior,unknown,source=reviewed_73_package_findings; source review found state mutation on a method/property/call path that returns a value or access handle
112,markdown,3.10.2,markdown-3.10.2\markdown\extensions\admonition.py,AdmonitionProcessor,50,,parse_content,"content_indent,current_sibling",structural state mutation may or may not affect later behavior,,medium,structural state mutation may or may not affect later behavior,unknown,source=reviewed_73_package_findings; source review found state mutation on a method/property/call path that returns a value or access handle
113,markdown,3.10.2,markdown-3.10.2\markdown\blockparser.py,BlockParser,75,,parseDocument,root,structural state mutation may or may not affect later behavior,,medium,structural state mutation may or may not affect later behavior,unknown,source=reviewed_73_package_findings; source review found state mutation on a method/property/call path that returns a value or access handle
114,markdown,3.10.2,markdown-3.10.2\markdown\extensions\codehilite.py,CodeHilite,58,,hilite,"lang,src",structural state mutation may or may not affect later behavior,,medium,structural state mutation may or may not affect later behavior,unknown,source=reviewed_73_package_findings; source review found state mutation on a method/property/call path that returns a value or access handle
115,markdown,3.10.2,markdown-3.10.2\markdown\extensions\fenced_code.py,FencedBlockPreprocessor,53,,run,"checked_for_deps,codehilite_conf,use_attr_list",structural state mutation may or may not affect later behavior,,medium,structural state mutation may or may not affect later behavior,unknown,source=reviewed_73_package_findings; source review found state mutation on a method/property/call path that returns a value or access handle
116,markdown,3.10.2,markdown-3.10.2\markdown\blockprocessors.py,HRProcessor,516,,test,match,structural state mutation may or may not affect later behavior,,medium,structural state mutation may or may not affect later behavior,unknown,source=reviewed_73_package_findings; source review found state mutation on a method/property/call path that returns a value or access handle
117,markdown,3.10.2,markdown-3.10.2\markdown\htmlparser.py,HTMLExtractor,120,,parse_starttag,"__starttag_text,lasttag",structural state mutation may or may not affect later behavior,,medium,structural state mutation may or may not affect later behavior,unknown,source=reviewed_73_package_findings; source review found state mutation on a method/property/call path that returns a value or access handle
118,markdown,3.10.2,markdown-3.10.2\markdown\extensions\md_in_html.py,HTMLExtractorExtra,37,,get_element,treebuilder,structural state mutation may or may not affect later behavior,,medium,structural state mutation may or may not affect later behavior,unknown,source=reviewed_73_package_findings; source review found state mutation on a method/property/call path that returns a value or access handle
119,markdown,3.10.2,markdown-3.10.2\markdown\util.py,HtmlStash,216,,store,html_counter,structural state mutation may or may not affect later behavior,,medium,structural state mutation may or may not affect later behavior,unknown,source=reviewed_73_package_findings; source review found state mutation on a method/property/call path that returns a value or access handle
120,markdown,3.10.2,markdown-3.10.2\markdown\treeprocessors.py,InlineProcessor,75,,run,"ancestors,parent_map",structural state mutation may or may not affect later behavior,,medium,structural state mutation may or may not affect later behavior,unknown,source=reviewed_73_package_findings; source review found state mutation on a method/property/call path that returns a value or access handle
121,markdown,3.10.2,markdown-3.10.2\markdown\core.py,Markdown,46,,build_parser,"inlinePatterns,parser,postprocessors,preprocessors,treeprocessors",structural state mutation may or may not affect later behavior,,medium,structural state mutation may or may not affect later behavior,unknown,source=reviewed_73_package_findings; source review found state mutation on a method/property/call path that returns a value or access handle
122,markdown,3.10.2,markdown-3.10.2\markdown\blockprocessors.py,OListProcessor,327,,get_items,STARTSWITH,structural state mutation may or may not affect later behavior,,medium,structural state mutation may or may not affect later behavior,unknown,source=reviewed_73_package_findings; source review found state mutation on a method/property/call path that returns a value or access handle
123,markdown,3.10.2,markdown-3.10.2\markdown\extensions\tables.py,TableProcessor,38,,test,"border,separator",structural state mutation may or may not affect later behavior,,medium,structural state mutation may or may not affect later behavior,unknown,source=reviewed_73_package_findings; source review found state mutation on a method/property/call path that returns a value or access handle
124,mccabe,0.7.0,mccabe-0.7.0\mccabe.py,ASTVisitor,22,,dispatch,node,structural state mutation may or may not affect later behavior,,medium,structural state mutation may or may not affect later behavior,unknown,source=reviewed_73_package_findings; source review found state mutation on a method/property/call path that returns a value or access handle
125,mccabe,0.7.0,mccabe-0.7.0\mccabe.py,PathGraphingAstVisitor,94,,appendPathNode,tail,structural state mutation may or may not affect later behavior,,medium,structural state mutation may or may not affect later behavior,unknown,source=reviewed_73_package_findings; source review found state mutation on a method/property/call path that returns a value or access handle
126,more-itertools,11.0.2,more_itertools-11.0.2\more_itertools\more.py,countable,4505,,__next__,items_seen,structural state mutation may or may not affect later behavior,,medium,structural state mutation may or may not affect later behavior,unknown,source=reviewed_73_package_findings; source review found state mutation on a method/property/call path that returns a value or access handle
127,more-itertools,11.0.2,more_itertools-11.0.2\more_itertools\more.py,seekable,2917,,__next__,_index,structural state mutation may or may not affect later behavior,,medium,structural state mutation may or may not affect later behavior,unknown,source=reviewed_73_package_findings; source review found state mutation on a method/property/call path that returns a value or access handle
128,more-itertools,11.0.2,more_itertools-11.0.2\more_itertools\more.py,time_limited,3526,,__next__,timed_out,structural state mutation may or may not affect later behavior,,medium,structural state mutation may or may not affect later behavior,unknown,source=reviewed_73_package_findings; source review found state mutation on a method/property/call path that returns a value or access handle
129,multidict,6.7.1,multidict-6.7.1\multidict\_multidict_py.py,MultiDict,615,,popitem,_used,structural state mutation may or may not affect later behavior,,medium,structural state mutation may or may not affect later behavior,unknown,source=reviewed_73_package_findings; source review found state mutation on a method/property/call path that returns a value or access handle
130,packaging,26.2,packaging-26.2\src\packaging\_tokenizer.py,Tokenizer,91,,check,next_token,structural state mutation may or may not affect later behavior,,medium,structural state mutation may or may not affect later behavior,unknown,source=reviewed_73_package_findings; source review found state mutation on a method/property/call path that returns a value or access handle
131,pathspec,1.1.1,pathspec-1.1.1\pathspec\_backends\hyperscan\gitignore.py,HyperscanGiBackend,40,,match_file,_out,structural state mutation may or may not affect later behavior,,medium,structural state mutation may or may not affect later behavior,unknown,source=reviewed_73_package_findings; source review found state mutation on a method/property/call path that returns a value or access handle
132,pathspec,1.1.1,pathspec-1.1.1\pathspec\_backends\hyperscan\pathspec.py,HyperscanPsBackend,39,,match_file,_out,structural state mutation may or may not affect later behavior,,medium,structural state mutation may or may not affect later behavior,unknown,source=reviewed_73_package_findings; source review found state mutation on a method/property/call path that returns a value or access handle
133,pendulum,3.2.0,pendulum\duration.py,AbsoluteDuration,481,,__new__,"_days,_microseconds,_months,_total,_years",structural state mutation may or may not affect later behavior,,medium,structural state mutation may or may not affect later behavior,unknown,source=reviewed_73_package_findings; source review found state mutation on a method/property/call path that returns a value or access handle
134,pendulum,3.2.0,pendulum\duration.py,Duration,46,,__new__,"_days,_microseconds,_months,_remaining_days,_seconds,_signature,_total,_weeks,_years",structural state mutation may or may not affect later behavior,,medium,structural state mutation may or may not affect later behavior,unknown,source=reviewed_73_package_findings; source review found state mutation on a method/property/call path that returns a value or access handle
135,pycodestyle,2.14.0,pycodestyle-2.14.0\pycodestyle.py,BaseReport,2165,,error,"file_errors,total_errors",structural state mutation may or may not affect later behavior,,medium,structural state mutation may or may not affect later behavior,unknown,source=reviewed_73_package_findings; source review found state mutation on a method/property/call path that returns a value or access handle
136,pycodestyle,2.14.0,pycodestyle-2.14.0\pycodestyle.py,Checker,1868,,readline,"indent_char,line_number",structural state mutation may or may not affect later behavior,,medium,structural state mutation may or may not affect later behavior,unknown,source=reviewed_73_package_findings; source review found state mutation on a method/property/call path that returns a value or access handle
137,pycodestyle,2.14.0,pycodestyle-2.14.0\pycodestyle.py,StandardReport,2261,,init_file,_deferred_print,structural state mutation may or may not affect later behavior,,medium,structural state mutation may or may not affect later behavior,unknown,source=reviewed_73_package_findings; source review found state mutation on a method/property/call path that returns a value or access handle
138,pydocstyle,6.3.0,pydocstyle-6.3.0\src\pydocstyle\violations.py,Error,17,,__str__,explanation,structural state mutation may or may not affect later behavior,,medium,structural state mutation may or may not affect later behavior,unknown,source=reviewed_73_package_findings; source review found state mutation on a method/property/call path that returns a value or access handle
139,pydocstyle,6.3.0,pydocstyle-6.3.0\src\pydocstyle\parser.py,Parser,418,,parse,"_accumulated_decorators,dunder_all,dunder_all_error,filename,future_imports,log,source,stream",structural state mutation may or may not affect later behavior,,medium,structural state mutation may or may not affect later behavior,unknown,source=reviewed_73_package_findings; source review found state mutation on a method/property/call path that returns a value or access handle
140,pydocstyle,6.3.0,pydocstyle-6.3.0\src\pydocstyle\parser.py,TokenStream,358,,move,"current,got_logical_newline,line",structural state mutation may or may not affect later behavior,,medium,structural state mutation may or may not affect later behavior,unknown,source=reviewed_73_package_findings; source review found state mutation on a method/property/call path that returns a value or access handle
141,pygments,2.20.0,pygments-2.20.0\scripts\debug_lexer.py,DebuggingRegexLexer,31,,get_tokens_unprocessed,"ctx,m",structural state mutation may or may not affect later behavior,,medium,structural state mutation may or may not affect later behavior,unknown,source=reviewed_73_package_findings; source review found state mutation on a method/property/call path that returns a value or access handle
142,pygments,2.20.0,pygments-2.20.0\pygments\formatters\terminal256.py,EscapeSequence,34,,color_string,bold,structural state mutation may or may not affect later behavior,,medium,structural state mutation may or may not affect later behavior,unknown,source=reviewed_73_package_findings; source review found state mutation on a method/property/call path that returns a value or access handle
143,pygments,2.20.0,pygments-2.20.0\pygments\lexers\robotframework.py,ForLoop,302,,_tokenize,_in_arguments,structural state mutation may or may not affect later behavior,,medium,structural state mutation may or may not affect later behavior,unknown,source=reviewed_73_package_findings; source review found state mutation on a method/property/call path that returns a value or access handle
144,pygments,2.20.0,pygments-2.20.0\pygments\formatters\groff.py,GroffFormatter,18,,_wrap_line,_linelen,structural state mutation may or may not affect later behavior,,medium,structural state mutation may or may not affect later behavior,unknown,source=reviewed_73_package_findings; source review found state mutation on a method/property/call path that returns a value or access handle
145,pygments,2.20.0,pygments-2.20.0\pygments\lexers\textfmts.py,HttpLexer,116,,get_tokens_unprocessed,content_type,structural state mutation may or may not affect later behavior,,medium,structural state mutation may or may not affect later behavior,unknown,source=reviewed_73_package_findings; source review found state mutation on a method/property/call path that returns a value or access handle
146,pygments,2.20.0,pygments-2.20.0\pygments\lexers\robotframework.py,KeywordCall,269,,_tokenize,"_assigns,_keyword_found",structural state mutation may or may not affect later behavior,,medium,structural state mutation may or may not affect later behavior,unknown,source=reviewed_73_package_findings; source review found state mutation on a method/property/call path that returns a value or access handle
147,pygments,2.20.0,pygments-2.20.0\pygments\lexers\mime.py,MIMELexer,21,,get_content_type_subtokens,boundary,structural state mutation may or may not affect later behavior,,medium,structural state mutation may or may not affect later behavior,unknown,source=reviewed_73_package_findings; source review found state mutation on a method/property/call path that returns a value or access handle
148,pygments,2.20.0,pygments-2.20.0\pygments\lexers\modula2.py,Modula2Lexer,22,,get_tokens_unprocessed,dialect_set_by_tag,structural state mutation may or may not affect later behavior,,medium,structural state mutation may or may not affect later behavior,unknown,source=reviewed_73_package_findings; source review found state mutation on a method/property/call path that returns a value or access handle
149,pygments,2.20.0,pygments-2.20.0\pygments\lexers\sql.py,PostgresBase,118,,get_tokens_unprocessed,text,structural state mutation may or may not affect later behavior,,medium,structural state mutation may or may not affect later behavior,unknown,source=reviewed_73_package_findings; source review found state mutation on a method/property/call path that returns a value or access handle
150,pygments,2.20.0,pygments-2.20.0\pygments\sphinxext.py,PygmentsDoc,60,,run,filenames,structural state mutation may or may not affect later behavior,,medium,structural state mutation may or may not affect later behavior,unknown,source=reviewed_73_package_findings; source review found state mutation on a method/property/call path that returns a value or access handle
151,pygments,2.20.0,pygments-2.20.0\pygments\scanner.py,Scanner,27,,scan,"last,match,pos,start_pos",structural state mutation may or may not affect later behavior,,medium,structural state mutation may or may not affect later behavior,unknown,source=reviewed_73_package_findings; source review found state mutation on a method/property/call path that returns a value or access handle
152,pygments,2.20.0,pygments-2.20.0\pygments\lexers\robotframework.py,Setting,208,,_tokenize,_custom_tokenizer,structural state mutation may or may not affect later behavior,,medium,structural state mutation may or may not affect later behavior,unknown,source=reviewed_73_package_findings; source review found state mutation on a method/property/call path that returns a value or access handle
153,pygments,2.20.0,pygments-2.20.0\pygments\lexers\robotframework.py,SettingTable,356,,_tokenize,_tokenizer,structural state mutation may or may not affect later behavior,,medium,structural state mutation may or may not affect later behavior,unknown,source=reviewed_73_package_findings; source review found state mutation on a method/property/call path that returns a value or access handle
154,pygments,2.20.0,pygments-2.20.0\pygments\lexers\tnt.py,TNTLexer,20,,get_tokens_unprocessed,cur,structural state mutation may or may not affect later behavior,,medium,structural state mutation may or may not affect later behavior,unknown,source=reviewed_73_package_findings; source review found state mutation on a method/property/call path that returns a value or access handle
155,pygments,2.20.0,pygments-2.20.0\pygments\lexers\robotframework.py,TestCaseTable,372,,_tokenize,"_test_template,_tokenizer",structural state mutation may or may not affect later behavior,,medium,structural state mutation may or may not affect later behavior,unknown,source=reviewed_73_package_findings; source review found state mutation on a method/property/call path that returns a value or access handle
156,pygments,2.20.0,pygments-2.20.0\pygments\lexers\robotframework.py,Tokenizer,180,,tokenize,_index,structural state mutation may or may not affect later behavior,,medium,structural state mutation may or may not affect later behavior,unknown,source=reviewed_73_package_findings; source review found state mutation on a method/property/call path that returns a value or access handle
157,pygments,2.20.0,pygments-2.20.0\pygments\lexers\sql.py,lookahead,284,,send,_nextitem,structural state mutation may or may not affect later behavior,,medium,structural state mutation may or may not affect later behavior,unknown,source=reviewed_73_package_findings; source review found state mutation on a method/property/call path that returns a value or access handle
158,pyparsing,3.3.2,pyparsing-3.3.2\pyparsing\actions.py,OnlyOnce,19,,__call__,called,structural state mutation may or may not affect later behavior,,medium,structural state mutation may or may not affect later behavior,unknown,source=reviewed_73_package_findings; source review found state mutation on a method/property/call path that returns a value or access handle
159,pyparsing,3.3.2,pyparsing-3.3.2\pyparsing\util.py,_GroupConsecutive,188,,__call__,value,structural state mutation may or may not affect later behavior,,medium,structural state mutation may or may not affect later behavior,unknown,source=reviewed_73_package_findings; source review found state mutation on a method/property/call path that returns a value or access handle
160,requests,2.34.2,requests-2.34.2\src\requests\models.py,Response,730,,iter_content,_content_consumed,structural state mutation may or may not affect later behavior,,medium,structural state mutation may or may not affect later behavior,unknown,source=reviewed_73_package_findings; source review found state mutation on a method/property/call path that returns a value or access handle
161,soupsieve,2.8.3,soupsieve-2.8.3\soupsieve\css_match.py,CSSMatch,544,,match_selectors,"iframe_restrict,namespaces",structural state mutation may or may not affect later behavior,,medium,structural state mutation may or may not affect later behavior,unknown,source=reviewed_73_package_findings; source review found state mutation on a method/property/call path that returns a value or access handle
162,soupsieve,2.8.3,soupsieve-2.8.3\soupsieve\css_parser.py,SpecialPseudoPattern,323,,match,matched_name,structural state mutation may or may not affect later behavior,,medium,structural state mutation may or may not affect later behavior,unknown,source=reviewed_73_package_findings; source review found state mutation on a method/property/call path that returns a value or access handle
163,tenacity,9.1.4,tenacity-9.1.4\tenacity\asyncio\__init__.py,AsyncRetrying,67,,__aiter__,_retry_state,structural state mutation may or may not affect later behavior,,medium,structural state mutation may or may not affect later behavior,unknown,source=reviewed_73_package_findings; source review found state mutation on a method/property/call path that returns a value or access handle
164,tomlkit,0.15.0,tomlkit-0.15.0\tomlkit\source.py,Source,77,,inc,"_current,_idx",structural state mutation may or may not affect later behavior,,medium,structural state mutation may or may not affect later behavior,unknown,source=reviewed_73_package_findings; source review found state mutation on a method/property/call path that returns a value or access handle
165,tomlkit,0.15.0,tomlkit-0.15.0\tomlkit\toml_file.py,TOMLFile,18,,read,_linesep,structural state mutation may or may not affect later behavior,,medium,structural state mutation may or may not affect later behavior,unknown,source=reviewed_73_package_findings; source review found state mutation on a method/property/call path that returns a value or access handle
166,tqdm,4.67.3,tqdm-4.67.3\tqdm\contrib\discord.py,DiscordIO,26,,message_id,_message_id,structural state mutation may or may not affect later behavior,,medium,structural state mutation may or may not affect later behavior,unknown,source=reviewed_73_package_findings; source review found state mutation on a method/property/call path that returns a value or access handle
167,tqdm,4.67.3,tqdm-4.67.3\tqdm\std.py,EMA,213,,__call__,"calls,last",structural state mutation may or may not affect later behavior,,medium,structural state mutation may or may not affect later behavior,unknown,source=reviewed_73_package_findings; source review found state mutation on a method/property/call path that returns a value or access handle
168,tqdm,4.67.3,tqdm-4.67.3\tqdm\utils.py,FormatReplace,102,,__format__,format_called,structural state mutation may or may not affect later behavior,,medium,structural state mutation may or may not affect later behavior,unknown,source=reviewed_73_package_findings; source review found state mutation on a method/property/call path that returns a value or access handle
169,tqdm,4.67.3,tqdm-4.67.3\tqdm\contrib\slack.py,SlackIO,26,,write,text,structural state mutation may or may not affect later behavior,,medium,structural state mutation may or may not affect later behavior,unknown,source=reviewed_73_package_findings; source review found state mutation on a method/property/call path that returns a value or access handle
170,tqdm,4.67.3,tqdm-4.67.3\tqdm\contrib\telegram.py,TelegramIO,24,,message_id,_message_id,structural state mutation may or may not affect later behavior,,medium,structural state mutation may or may not affect later behavior,unknown,source=reviewed_73_package_findings; source review found state mutation on a method/property/call path that returns a value or access handle
171,tqdm,4.67.3,tqdm-4.67.3\tqdm\std.py,tqdm,244,,__reversed__,iterable,structural state mutation may or may not affect later behavior,,medium,structural state mutation may or may not affect later behavior,unknown,source=reviewed_73_package_findings; source review found state mutation on a method/property/call path that returns a value or access handle
172,urllib3,2.7.0,urllib3-2.7.0\src\urllib3\response.py,BaseHTTPResponse,451,,_decode,_has_decoded_content,structural state mutation may or may not affect later behavior,,medium,structural state mutation may or may not affect later behavior,unknown,source=reviewed_73_package_findings; source review found state mutation on a method/property/call path that returns a value or access handle
173,urllib3,2.7.0,urllib3-2.7.0\src\urllib3\response.py,BytesQueueBuffer,374,,get,_size,structural state mutation may or may not affect later behavior,,medium,structural state mutation may or may not affect later behavior,unknown,source=reviewed_73_package_findings; source review found state mutation on a method/property/call path that returns a value or access handle
174,urllib3,2.7.0,urllib3-2.7.0\src\urllib3\response.py,DeflateDecoder,66,,decompress,"_first_try,_first_try_data,_obj,_unfed_data",structural state mutation may or may not affect later behavior,,medium,structural state mutation may or may not affect later behavior,unknown,source=reviewed_73_package_findings; source review found state mutation on a method/property/call path that returns a value or access handle
175,urllib3,2.7.0,urllib3-2.7.0\src\urllib3\contrib\emscripten\response.py,EmscriptenHttpResponseWrapper,30,,read,"_body,_uncached_read_occurred,length_is_certain,length_remaining",structural state mutation may or may not affect later behavior,,medium,structural state mutation may or may not affect later behavior,unknown,source=reviewed_73_package_findings; source review found state mutation on a method/property/call path that returns a value or access handle
176,urllib3,2.7.0,urllib3-2.7.0\src\urllib3\response.py,GzipDecoder,131,,decompress,"_obj,_state,_unconsumed_tail",structural state mutation may or may not affect later behavior,,medium,structural state mutation may or may not affect later behavior,unknown,source=reviewed_73_package_findings; source review found state mutation on a method/property/call path that returns a value or access handle
177,urllib3,2.7.0,urllib3-2.7.0\src\urllib3\connection.py,HTTPConnection,82,,getresponse,_response_options,structural state mutation may or may not affect later behavior,,medium,structural state mutation may or may not affect later behavior,unknown,source=reviewed_73_package_findings; source review found state mutation on a method/property/call path that returns a value or access handle
178,urllib3,2.7.0,urllib3-2.7.0\src\urllib3\connectionpool.py,HTTPConnectionPool,120,,_new_conn,num_connections,structural state mutation may or may not affect later behavior,,medium,structural state mutation may or may not affect later behavior,unknown,source=reviewed_73_package_findings; source review found state mutation on a method/property/call path that returns a value or access handle
179,urllib3,2.7.0,urllib3-2.7.0\src\urllib3\connection.py,HTTPSConnection,603,,_connect_tls_proxy,proxy_is_verified,structural state mutation may or may not affect later behavior,,medium,structural state mutation may or may not affect later behavior,unknown,source=reviewed_73_package_findings; source review found state mutation on a method/property/call path that returns a value or access handle
180,urllib3,2.7.0,urllib3-2.7.0\src\urllib3\connectionpool.py,HTTPSConnectionPool,976,,_new_conn,num_connections,structural state mutation may or may not affect later behavior,,medium,structural state mutation may or may not affect later behavior,unknown,source=reviewed_73_package_findings; source review found state mutation on a method/property/call path that returns a value or access handle
181,urllib3,2.7.0,urllib3-2.7.0\src\urllib3\util\timeout.py,Timeout,25,,start_connect,_start_connect,structural state mutation may or may not affect later behavior,,medium,structural state mutation may or may not affect later behavior,unknown,source=reviewed_73_package_findings; source review found state mutation on a method/property/call path that returns a value or access handle
182,urllib3,2.7.0,urllib3-2.7.0\src\urllib3\response.py,ZstdDecoder,250,,decompress,_obj,structural state mutation may or may not affect later behavior,,medium,structural state mutation may or may not affect later behavior,unknown,source=reviewed_73_package_findings; source review found state mutation on a method/property/call path that returns a value or access handle
183,urllib3,2.7.0,urllib3-2.7.0\src\urllib3\contrib\emscripten\fetch.py,_JSPIReadStream,302,,_get_next_buffer,"_is_done,current_buffer,current_buffer_pos",structural state mutation may or may not affect later behavior,,medium,structural state mutation may or may not affect later behavior,unknown,source=reviewed_73_package_findings; source review found state mutation on a method/property/call path that returns a value or access handle
184,urllib3,2.7.0,urllib3-2.7.0\src\urllib3\contrib\emscripten\fetch.py,_ReadStream,97,,readinto,"is_live,read_len,read_pos",structural state mutation may or may not affect later behavior,,medium,structural state mutation may or may not affect later behavior,unknown,source=reviewed_73_package_findings; source review found state mutation on a method/property/call path that returns a value or access handle
185,websockets,16.0,websockets-16.0\src\websockets\sync\messages.py,Assembler,19,,get,get_in_progress,structural state mutation may or may not affect later behavior,,medium,structural state mutation may or may not affect later behavior,unknown,source=reviewed_73_package_findings; source review found state mutation on a method/property/call path that returns a value or access handle
186,websockets,16.0,websockets-16.0\src\websockets\extensions\permessage_deflate.py,PerMessageDeflate,33,,decode,"decode_cont_data,decoder",structural state mutation may or may not affect later behavior,,medium,structural state mutation may or may not affect later behavior,unknown,source=reviewed_73_package_findings; source review found state mutation on a method/property/call path that returns a value or access handle
187,websockets,16.0,websockets-16.0\src\websockets\server.py,ServerProtocol,48,,accept,handshake_exc,structural state mutation may or may not affect later behavior,,medium,structural state mutation may or may not affect later behavior,unknown,source=reviewed_73_package_findings; source review found state mutation on a method/property/call path that returns a value or access handle
188,websockets,16.0,websockets-16.0\src\websockets\asyncio\async_timeout.py,Timeout,120,,_do_exit,"_state,_task,_timeout_handler",structural state mutation may or may not affect later behavior,,medium,structural state mutation may or may not affect later behavior,unknown,source=reviewed_73_package_findings; source review found state mutation on a method/property/call path that returns a value or access handle
189,websockets,16.0,websockets-16.0\src\websockets\asyncio\client.py,connect,178,,__init__,"additional_headers,connection_kwargs,logger,open_timeout,process_exception,protocol_factory,proxy,uri,user_agent_header",structural state mutation may or may not affect later behavior,,medium,structural state mutation may or may not affect later behavior,unknown,source=reviewed_73_package_findings; source review found state mutation on a method/property/call path that returns a value or access handle
190,websockets,16.0,websockets-16.0\src\websockets\asyncio\server.py,serve,578,,__init__,"create_server,server",structural state mutation may or may not affect later behavior,,medium,structural state mutation may or may not affect later behavior,unknown,source=reviewed_73_package_findings; source review found state mutation on a method/property/call path that returns a value or access handle
191,werkzeug,3.1.8,werkzeug-3.1.8\src\werkzeug\serving.py,DechunkedInput,97,,readinto,"_done,_len",structural state mutation may or may not affect later behavior,,medium,structural state mutation may or may not affect later behavior,unknown,source=reviewed_73_package_findings; source review found state mutation on a method/property/call path that returns a value or access handle
192,werkzeug,3.1.8,werkzeug-3.1.8\src\werkzeug\wsgi.py,LimitedStream,439,,readinto,_pos,structural state mutation may or may not affect later behavior,,medium,structural state mutation may or may not affect later behavior,unknown,source=reviewed_73_package_findings; source review found state mutation on a method/property/call path that returns a value or access handle
193,werkzeug,3.1.8,werkzeug-3.1.8\src\werkzeug\sansio\multipart.py,MultipartDecoder,77,,next_event,"_parts_decoded,_search_position,state",structural state mutation may or may not affect later behavior,,medium,structural state mutation may or may not affect later behavior,unknown,source=reviewed_73_package_findings; source review found state mutation on a method/property/call path that returns a value or access handle
194,werkzeug,3.1.8,werkzeug-3.1.8\src\werkzeug\sansio\multipart.py,MultipartEncoder,295,,send_event,state,structural state mutation may or may not affect later behavior,,medium,structural state mutation may or may not affect later behavior,unknown,source=reviewed_73_package_findings; source review found state mutation on a method/property/call path that returns a value or access handle
195,werkzeug,3.1.8,werkzeug-3.1.8\src\werkzeug\wrappers\response.py,Response,39,,_process_range_request,"accept_ranges,content_length,content_range,status_code",structural state mutation may or may not affect later behavior,,medium,structural state mutation may or may not affect later behavior,unknown,source=reviewed_73_package_findings; source review found state mutation on a method/property/call path that returns a value or access handle
196,werkzeug,3.1.8,werkzeug-3.1.8\src\werkzeug\serving.py,WSGIRequestHandler,159,,make_environ,client_address,structural state mutation may or may not affect later behavior,,medium,structural state mutation may or may not affect later behavior,unknown,source=reviewed_73_package_findings; source review found state mutation on a method/property/call path that returns a value or access handle
197,werkzeug,3.1.8,werkzeug-3.1.8\src\werkzeug\wsgi.py,_RangeWrapper,352,,_next_chunk,"end_reached,read_length",structural state mutation may or may not affect later behavior,,medium,structural state mutation may or may not affect later behavior,unknown,source=reviewed_73_package_findings; source review found state mutation on a method/property/call path that returns a value or access handle
198,wrapt,2.2.0,wrapt-2.2.0\src\wrapt\synchronization.py,_SynchronizedFunctionWrapper,449,,__enter__,_self_lock,structural state mutation may or may not affect later behavior,,medium,structural state mutation may or may not affect later behavior,unknown,source=reviewed_73_package_findings; source review found state mutation on a method/property/call path that returns a value or access handle
199,wsproto,1.3.2,wsproto-1.3.2\src\wsproto\frame_protocol.py,Buffer,257,,consume_at_most,bytes_used,structural state mutation may or may not affect later behavior,,medium,structural state mutation may or may not affect later behavior,unknown,source=reviewed_73_package_findings; source review found state mutation on a method/property/call path that returns a value or access handle
200,wsproto,1.3.2,wsproto-1.3.2\src\wsproto\connection.py,Connection,64,,send,_state,structural state mutation may or may not affect later behavior,,medium,structural state mutation may or may not affect later behavior,unknown,source=reviewed_73_package_findings; source review found state mutation on a method/property/call path that returns a value or access handle
201,wsproto,1.3.2,wsproto-1.3.2\src\wsproto\frame_protocol.py,FrameDecoder,333,,process_buffer,"effective_opcode,header,masker,payload_consumed",structural state mutation may or may not affect later behavior,,medium,structural state mutation may or may not affect later behavior,unknown,source=reviewed_73_package_findings; source review found state mutation on a method/property/call path that returns a value or access handle
202,wsproto,1.3.2,wsproto-1.3.2\src\wsproto\frame_protocol.py,FrameProtocol,511,,send_data,_outbound_opcode,structural state mutation may or may not affect later behavior,,medium,structural state mutation may or may not affect later behavior,unknown,source=reviewed_73_package_findings; source review found state mutation on a method/property/call path that returns a value or access handle
203,wsproto,1.3.2,wsproto-1.3.2\src\wsproto\handshake.py,H11Handshake,41,,_process_connection_request,_initiating_request,structural state mutation may or may not affect later behavior,,medium,structural state mutation may or may not affect later behavior,unknown,source=reviewed_73_package_findings; source review found state mutation on a method/property/call path that returns a value or access handle
204,wsproto,1.3.2,wsproto-1.3.2\src\wsproto\frame_protocol.py,MessageDecoder,293,,process_frame,"decoder,opcode",structural state mutation may or may not affect later behavior,,medium,structural state mutation may or may not affect later behavior,unknown,source=reviewed_73_package_findings; source review found state mutation on a method/property/call path that returns a value or access handle
205,wsproto,1.3.2,wsproto-1.3.2\src\wsproto\extensions.py,PerMessageDeflate,62,,_parse_params,"client_no_context_takeover,server_no_context_takeover",structural state mutation may or may not affect later behavior,,medium,structural state mutation may or may not affect later behavior,unknown,source=reviewed_73_package_findings; source review found state mutation on a method/property/call path that returns a value or access handle
206,wsproto,1.3.2,wsproto-1.3.2\src\wsproto\__init__.py,WSConnection,23,,send,connection,structural state mutation may or may not affect later behavior,,medium,structural state mutation may or may not affect later behavior,unknown,source=reviewed_73_package_findings; source review found state mutation on a method/property/call path that returns a value or access handle
207,wsproto,1.3.2,wsproto-1.3.2\src\wsproto\frame_protocol.py,XorMaskerSimple,25,,process,_masking_key,structural state mutation may or may not affect later behavior,,medium,structural state mutation may or may not affect later behavior,unknown,source=reviewed_73_package_findings; source review found state mutation on a method/property/call path that returns a value or access handle
