package,file_path,class_name,line_start,line_end,read_shaped_methods_or_properties,observation_like_methods,mutated_state,audit_label,evidence_note
Babel,babel\localedata.py,Alias,209,239,,__repr__,,likely_nonmatch,no concrete read/observer mutate-then-consume loop
Babel,babel\numbers.py,UnknownCurrencyFormatError,701,702,,,,likely_nonmatch,no concrete read/observer mutate-then-consume loop
Babel,babel\plural.py,RuleError,336,337,,,,likely_nonmatch,no concrete read/observer mutate-then-consume loop
Babel,babel\plural.py,_PythonCompiler,573,585,,,,likely_nonmatch,no concrete read/observer mutate-then-consume loop
anyio,anyio\_core\_contextmanagers.py,_SupportsAsyncCtxMgr,17,20,,,,likely_nonmatch,no concrete read/observer mutate-then-consume loop
anyio,anyio\_core\_synchronization.py,EventStatistics,20,25,,,,likely_nonmatch,no concrete read/observer mutate-then-consume loop
anyio,anyio\_core\_testing.py,TaskInfo,9,53,__hash__,__repr__,,likely_nonmatch,no concrete read/observer mutate-then-consume loop
anyio,anyio\streams\tls.py,TLSAttribute,53,78,,,,likely_nonmatch,no concrete read/observer mutate-then-consume loop
arrow,arrow\locales.py,ItalianLocale,405,475,,,,likely_nonmatch,no concrete read/observer mutate-then-consume loop
arrow,arrow\locales.py,TagalogLocale,2378,2448,,,,likely_nonmatch,no concrete read/observer mutate-then-consume loop
arrow,arrow\locales.py,MalayalamLocale,3051,3121,,,,likely_nonmatch,no concrete read/observer mutate-then-consume loop
arrow,arrow\locales.py,LithuanianLocale,5059,5136,,,,likely_nonmatch,no concrete read/observer mutate-then-consume loop
beautifulsoup4,bs4\element.py,AttributeDict,232,236,,,,likely_nonmatch,no concrete read/observer mutate-then-consume loop
beautifulsoup4,bs4\filter.py,AttributeValueMatchRule,334,337,,,,likely_nonmatch,no concrete read/observer mutate-then-consume loop
blinker,blinker\_utilities.py,Symbol,12,39,,__repr__,,likely_nonmatch,no concrete read/observer mutate-then-consume loop
boltons,boltons\cacheutils.py,RLock,74,80,,,,likely_nonmatch,no concrete read/observer mutate-then-consume loop
boltons,boltons\funcutils.py,InstancePartial,235,261,_partialmethod;__partialmethod__;__get__,,,likely_nonmatch,no concrete read/observer mutate-then-consume loop
boltons,boltons\socketutils.py,Error,594,602,,,,likely_nonmatch,no concrete read/observer mutate-then-consume loop
cachetools,cachetools\__init__.py,LFUCache,196,277,__getitem__,,,likely_nonmatch,no concrete read/observer mutate-then-consume loop
cachetools,cachetools\_cachedmethod.py,_WrapperBase,30,63,__call__;cache;cache_key;cache_lock;cache_condition,,,likely_nonmatch,no concrete read/observer mutate-then-consume loop
cerberus,cerberus\schema.py,SchemaValidatorMixin,310,467,known_rules_set_refs;known_schema_refs;target_schema;target_validator,,,likely_nonmatch,no concrete read/observer mutate-then-consume loop
click,click\_winconsole.py,ConsoleStream,195,224,name;__getattr__,__repr__,,likely_nonmatch,no concrete read/observer mutate-then-consume loop
click,click\types.py,DateTime,426,492,get_metavar,__repr__,,likely_nonmatch,no concrete read/observer mutate-then-consume loop
click,click\types.py,File,790,914,,,,likely_nonmatch,no concrete read/observer mutate-then-consume loop
click,click\types.py,TupleInfoDict,1110,1111,,,,likely_nonmatch,no concrete read/observer mutate-then-consume loop
click-option-group,click_option_group\_decorators.py,OptionStackItem,18,21,,,,likely_nonmatch,no concrete read/observer mutate-then-consume loop
dateparser,dateparser\languages\loader.py,LocaleDataLoader,39,221,get_locale_map;get_locales;get_locale,,,likely_nonmatch,no concrete read/observer mutate-then-consume loop
dateparser,dateparser\search\detection.py,AutoDetectLanguage,41,65,,,,likely_nonmatch,no concrete read/observer mutate-then-consume loop
dnspython,dns\_asyncbackend.py,NullContext,7,21,,,,likely_nonmatch,no concrete read/observer mutate-then-consume loop
dnspython,dns\btreezone.py,Bounds,243,263,,__str__,,likely_nonmatch,no concrete read/observer mutate-then-consume loop
dnspython,dns\dnssecalgs\rsa.py,PrivateRSASHA256,116,117,,,,likely_nonmatch,no concrete read/observer mutate-then-consume loop
dnspython,dns\dnssecalgs\rsa.py,PublicRSASHA512,120,122,,,,likely_nonmatch,no concrete read/observer mutate-then-consume loop
dnspython,dns\edns.py,NSIDOption,425,449,,,,likely_nonmatch,no concrete read/observer mutate-then-consume loop
dnspython,dns\exception.py,TooBig,127,128,,,,likely_nonmatch,no concrete read/observer mutate-then-consume loop
dnspython,dns\message.py,MessageError,122,125,,,,likely_nonmatch,no concrete read/observer mutate-then-consume loop
dnspython,dns\name.py,IDNACodec,175,196,,,,likely_nonmatch,no concrete read/observer mutate-then-consume loop
dnspython,dns\nameserver.py,Nameserver,9,51,,__str__,,likely_nonmatch,no concrete read/observer mutate-then-consume loop
dnspython,dns\query.py,DummyTransactionManager,1664,1685,get_class;reader,,,likely_nonmatch,no concrete read/observer mutate-then-consume loop
dnspython,dns\rdata.py,GenericRdata,614,662,,,,likely_nonmatch,no concrete read/observer mutate-then-consume loop
dnspython,dns\rdata.py,RdatatypeExists,893,900,,,,likely_nonmatch,no concrete read/observer mutate-then-consume loop
dnspython,dns\rdataset.py,DifferingCovers,39,41,,,,likely_nonmatch,no concrete read/observer mutate-then-consume loop
dnspython,dns\rdataset.py,ImmutableRdataset,358,424,,,,likely_nonmatch,no concrete read/observer mutate-then-consume loop
dnspython,dns\rdtypes\ANY\DNAME.py,DNAME,23,27,,,,likely_nonmatch,no concrete read/observer mutate-then-consume loop
dnspython,dns\rdtypes\ANY\SSHFP.py,SSHFP,27,67,,,,likely_nonmatch,no concrete read/observer mutate-then-consume loop
dnspython,dns\rdtypes\IN\IPSECKEY.py,IPSECKEY,32,87,,,,likely_nonmatch,no concrete read/observer mutate-then-consume loop
dnspython,dns\rdtypes\dsbase.py,DSBase,28,83,,,,likely_nonmatch,no concrete read/observer mutate-then-consume loop
dnspython,dns\rdtypes\svcbbase.py,Emptiness,58,61,,,,likely_nonmatch,no concrete read/observer mutate-then-consume loop
dnspython,dns\rdtypes\svcbbase.py,GenericParam,168,197,,,,likely_nonmatch,no concrete read/observer mutate-then-consume loop
dnspython,dns\rdtypes\svcbbase.py,IPv4HintParam,321,345,,,,likely_nonmatch,no concrete read/observer mutate-then-consume loop
dnspython,dns\resolver.py,Answers,317,318,,,,likely_nonmatch,no concrete read/observer mutate-then-consume loop
dnspython,dns\ttl.py,BadTTL,30,31,,,,likely_nonmatch,no concrete read/observer mutate-then-consume loop
dnspython,dns\win32util.py,_WMIGetter,76,77,,,,likely_nonmatch,no concrete read/observer mutate-then-consume loop
docutils,docutils\nodes.py,Decorative,1429,1434,,,,likely_nonmatch,no concrete read/observer mutate-then-consume loop
docutils,docutils\nodes.py,sidebar,1652,1664,,,,likely_nonmatch,no concrete read/observer mutate-then-consume loop
docutils,docutils\nodes.py,container,2173,2174,,,,likely_nonmatch,no concrete read/observer mutate-then-consume loop
docutils,docutils\nodes.py,attribution,2177,2178,,,,likely_nonmatch,no concrete read/observer mutate-then-consume loop
docutils,docutils\nodes.py,option_argument,2264,2269,,,,likely_nonmatch,no concrete read/observer mutate-then-consume loop
docutils,docutils\nodes.py,error,2338,2338,,,,likely_nonmatch,no concrete read/observer mutate-then-consume loop
docutils,docutils\nodes.py,NodeFound,2906,2911,,,,likely_nonmatch,no concrete read/observer mutate-then-consume loop
docutils,docutils\parsers\rst\directives\admonitions.py,Tip,94,96,,,,likely_nonmatch,no concrete read/observer mutate-then-consume loop
docutils,docutils\parsers\rst\directives\body.py,Rubric,240,254,,,,likely_nonmatch,no concrete read/observer mutate-then-consume loop
docutils,docutils\parsers\rst\states.py,ParserError,133,133,,,,likely_nonmatch,no concrete read/observer mutate-then-consume loop
docutils,docutils\parsers\rst\states.py,SubstitutionDef,2806,2829,,,,likely_nonmatch,no concrete read/observer mutate-then-consume loop
docutils,docutils\statemachine.py,State,506,773,,,,likely_nonmatch,no concrete read/observer mutate-then-consume loop
docutils,docutils\transforms\universal.py,Decorations,33,93,,,,likely_nonmatch,no concrete read/observer mutate-then-consume loop
docutils,docutils\transforms\universal.py,TestMessages,166,182,,,,likely_nonmatch,no concrete read/observer mutate-then-consume loop
docutils,docutils\utils\math\math2html.py,ContainerExtractor,687,725,,,,likely_nonmatch,no concrete read/observer mutate-then-consume loop
docutils,docutils\utils\math\math2html.py,LoneCommand,777,782,,,,likely_nonmatch,no concrete read/observer mutate-then-consume loop
docutils,docutils\utils\math\math2html.py,BoundedParser,832,840,,,,likely_nonmatch,no concrete read/observer mutate-then-consume loop
docutils,docutils\utils\math\math2html.py,StringParser,854,866,,,,likely_nonmatch,no concrete read/observer mutate-then-consume loop
docutils,docutils\utils\math\math2html.py,Container,1312,1445,gethtml;getparameter;getparameterlist,__str__,,likely_nonmatch,no concrete read/observer mutate-then-consume loop
docutils,docutils\utils\math\math2html.py,FormulaCommand,2119,2202,,,,likely_nonmatch,no concrete read/observer mutate-then-consume loop
docutils,docutils\utils\math\math2html.py,MultiRowFormula,2493,2534,,,,likely_nonmatch,no concrete read/observer mutate-then-consume loop
docutils,docutils\utils\math\mathml_elements.py,mfrac,383,384,,,,likely_nonmatch,no concrete read/observer mutate-then-consume loop
docutils,docutils\writers\docutils_xml.py,Writer,26,64,,,,likely_nonmatch,no concrete read/observer mutate-then-consume loop
fastjsonschema,fastjsonschema\exceptions.py,JsonSchemaDefinitionException,48,51,,,,likely_nonmatch,no concrete read/observer mutate-then-consume loop
filelock,filelock\_api.py,_ThreadLocalRegistry,44,47,,,,likely_nonmatch,no concrete read/observer mutate-then-consume loop
filelock,filelock\asyncio.py,AsyncThreadLocalFileContext,50,51,,,,likely_nonmatch,no concrete read/observer mutate-then-consume loop
flake8,flake8\api\legacy.py,Report,24,65,total_errors;get_statistics,,,likely_nonmatch,no concrete read/observer mutate-then-consume loop
flake8,flake8\style_guide.py,Decision,38,42,,,,likely_nonmatch,no concrete read/observer mutate-then-consume loop
h11,h11\_events.py,Response,218,256,,,,likely_nonmatch,no concrete read/observer mutate-then-consume loop
h2,h2\config.py,DummyLogger,33,53,,debug;trace,,likely_nonmatch,no concrete read/observer mutate-then-consume loop
h2,h2\events.py,ConnectionTerminated,566,597,,__repr__,,likely_nonmatch,no concrete read/observer mutate-then-consume loop
importlib-metadata,importlib_metadata\__init__.py,PathDistribution,1015,1067,read_text;_normalized_name,,,likely_nonmatch,no concrete read/observer mutate-then-consume loop
iniconfig,iniconfig\_parse.py,ParsedLine,9,13,,,,likely_nonmatch,no concrete read/observer mutate-then-consume loop
itsdangerous,itsdangerous\serializer.py,_PDataSerializer,26,31,,,,likely_nonmatch,no concrete read/observer mutate-then-consume loop
jinja2,jinja2\exceptions.py,TemplateNotFound,18,50,,__str__,,likely_nonmatch,no concrete read/observer mutate-then-consume loop
jinja2,jinja2\exceptions.py,TemplateAssertionError,139,144,,,,likely_nonmatch,no concrete read/observer mutate-then-consume loop
jinja2,jinja2\exceptions.py,UndefinedError,153,154,,,,likely_nonmatch,no concrete read/observer mutate-then-consume loop
jinja2,jinja2\ext.py,_TranslationsContext,33,38,,,,likely_nonmatch,no concrete read/observer mutate-then-consume loop
jinja2,jinja2\lexer.py,Failure,254,266,__call__,,,likely_nonmatch,no concrete read/observer mutate-then-consume loop
jinja2,jinja2\nodes.py,InternalName,1065,1080,,,,likely_nonmatch,no concrete read/observer mutate-then-consume loop
jinja2,jinja2\visitor.py,NodeVisitor,16,47,get_visitor,,,likely_nonmatch,no concrete read/observer mutate-then-consume loop
jsonschema,jsonschema\exceptions.py,_Error,50,197,absolute_path;absolute_schema_path;json_path,__repr__;__str__,,likely_nonmatch,no concrete read/observer mutate-then-consume loop
loguru,loguru\_colorizer.py,AnsiParser,71,318,,,,likely_nonmatch,no concrete read/observer mutate-then-consume loop
loguru,loguru\_logger.py,Catcher,1225,1301,__call__,,,likely_nonmatch,no concrete read/observer mutate-then-consume loop
loguru,loguru\_recattrs.py,RecordProcess,48,59,,__repr__;__format__,,likely_nonmatch,no concrete read/observer mutate-then-consume loop
markdown,markdown\extensions\codehilite.py,HiliteTreeprocessor,253,288,,,,likely_nonmatch,no concrete read/observer mutate-then-consume loop
markdown,markdown\inlinepatterns.py,EscapeInlineProcessor,345,361,,,,likely_nonmatch,no concrete read/observer mutate-then-consume loop
markdown,markdown\inlinepatterns.py,SimpleTagInlineProcessor,393,419,,,,likely_nonmatch,no concrete read/observer mutate-then-consume loop
markdown,markdown\inlinepatterns.py,DoubleTagPattern,461,479,,,,likely_nonmatch,no concrete read/observer mutate-then-consume loop
markdown,markdown\inlinepatterns.py,AsteriskProcessor,543,674,,,,likely_nonmatch,no concrete read/observer mutate-then-consume loop
markdown,markdown\inlinepatterns.py,UnderscoreProcessor,677,687,,,,likely_nonmatch,no concrete read/observer mutate-then-consume loop
markdown,markdown\inlinepatterns.py,ImageInlineProcessor,852,873,,,,likely_nonmatch,no concrete read/observer mutate-then-consume loop
markdown,markdown\inlinepatterns.py,ShortImageReferenceInlineProcessor,952,957,,,,likely_nonmatch,no concrete read/observer mutate-then-consume loop
markdown,markdown\preprocessors.py,Preprocessor,45,63,,,,likely_nonmatch,no concrete read/observer mutate-then-consume loop
markdown,markdown\util.py,TagData,209,213,,,,likely_nonmatch,no concrete read/observer mutate-then-consume loop
marshmallow,marshmallow\fields.py,Decimal,1071,1151,,,,likely_nonmatch,no concrete read/observer mutate-then-consume loop
mistune,mistune\directives\_base.py,DirectivePlugin,136,162,__call__,,,likely_nonmatch,no concrete read/observer mutate-then-consume loop
mistune,mistune\inline_parser.py,InlineParser,51,406,__call__,,,likely_nonmatch,no concrete read/observer mutate-then-consume loop
packaging,packaging\_elffile.py,ELFInvalid,18,19,,,,likely_nonmatch,no concrete read/observer mutate-then-consume loop
packaging,packaging\_manylinux.py,_GLibCVersion,81,83,,,,likely_nonmatch,no concrete read/observer mutate-then-consume loop
packaging,packaging\dependency_groups.py,DuplicateGroupNames,28,31,,,,likely_nonmatch,no concrete read/observer mutate-then-consume loop
packaging,packaging\licenses\_spdx.py,SPDXLicense,6,8,,,,likely_nonmatch,no concrete read/observer mutate-then-consume loop
packaging,packaging\specifiers.py,InvalidSpecifier,344,353,,,,likely_nonmatch,no concrete read/observer mutate-then-consume loop
pathspec,pathspec\backend.py,_Backend,29,51,,,,likely_nonmatch,no concrete read/observer mutate-then-consume loop
pendulum,pendulum\day.py,WeekDay,6,13,,,,likely_nonmatch,no concrete read/observer mutate-then-consume loop
pendulum,pendulum\mixins\default.py,FormattableMixin,9,37,,__format__;__str__,,likely_nonmatch,no concrete read/observer mutate-then-consume loop
pydocstyle,pydocstyle\violations.py,ErrorRegistry,115,189,get_error_codes,,,likely_nonmatch,no concrete read/observer mutate-then-consume loop
pyflakes,pyflakes\checker.py,Assignment,433,440,,,,likely_nonmatch,no concrete read/observer mutate-then-consume loop
pyflakes,pyflakes\messages.py,DuplicateArgument,110,115,,,,likely_nonmatch,no concrete read/observer mutate-then-consume loop
pyflakes,pyflakes\messages.py,UnusedVariable,147,156,,,,likely_nonmatch,no concrete read/observer mutate-then-consume loop
pyflakes,pyflakes\messages.py,TwoStarredExpressions,217,221,,,,likely_nonmatch,no concrete read/observer mutate-then-consume loop
pyflakes,pyflakes\messages.py,FStringMissingPlaceholders,265,266,,,,likely_nonmatch,no concrete read/observer mutate-then-consume loop
pygments,pygments\lexer.py,combined,345,355,,,,likely_nonmatch,no concrete read/observer mutate-then-consume loop
pygments,pygments\lexer.py,ExtendedRegexLexer,779,848,get_tokens_unprocessed,,,likely_nonmatch,no concrete read/observer mutate-then-consume loop
pygments,pygments\lexers\arrow.py,ArrowLexer,22,116,,,,likely_nonmatch,no concrete read/observer mutate-then-consume loop
pygments,pygments\lexers\bqn.py,BQNLexer,18,112,,,,likely_nonmatch,no concrete read/observer mutate-then-consume loop
pygments,pygments\lexers\c_like.py,ArduinoLexer,413,537,get_tokens_unprocessed,,,likely_nonmatch,no concrete read/observer mutate-then-consume loop
pygments,pygments\lexers\configs.py,RegeditLexer,156,195,,,,likely_nonmatch,no concrete read/observer mutate-then-consume loop
pygments,pygments\lexers\configs.py,Cfengine3Lexer,352,410,,,,likely_nonmatch,no concrete read/observer mutate-then-consume loop
pygments,pygments\lexers\console.py,VCTreeStatusLexer,18,42,,,,likely_nonmatch,no concrete read/observer mutate-then-consume loop
pygments,pygments\lexers\css.py,ScssLexer,528,577,,,,likely_nonmatch,no concrete read/observer mutate-then-consume loop
pygments,pygments\lexers\dalvik.py,SmaliLexer,20,126,,,,likely_nonmatch,no concrete read/observer mutate-then-consume loop
pygments,pygments\lexers\data.py,JsonLdLexer,717,763,get_tokens_unprocessed,,,likely_nonmatch,no concrete read/observer mutate-then-consume loop
pygments,pygments\lexers\dax.py,DaxLexer,18,135,,,,likely_nonmatch,no concrete read/observer mutate-then-consume loop
pygments,pygments\lexers\dotnet.py,BooLexer,353,419,,,,likely_nonmatch,no concrete read/observer mutate-then-consume loop
pygments,pygments\lexers\dotnet.py,VbNetAspxLexer,581,600,,,,likely_nonmatch,no concrete read/observer mutate-then-consume loop
pygments,pygments\lexers\dsls.py,PuppetLexer,350,434,,,,likely_nonmatch,no concrete read/observer mutate-then-consume loop
pygments,pygments\lexers\installers.py,DebianSourcesLexer,221,242,,,,likely_nonmatch,no concrete read/observer mutate-then-consume loop
pygments,pygments\lexers\javascript.py,TypeScriptLexer,140,176,,,,likely_nonmatch,no concrete read/observer mutate-then-consume loop
pygments,pygments\lexers\jmespath.py,JMESPathLexer,18,69,,,,likely_nonmatch,no concrete read/observer mutate-then-consume loop
pygments,pygments\lexers\jvm.py,IokeLexer,622,810,,,,likely_nonmatch,no concrete read/observer mutate-then-consume loop
pygments,pygments\lexers\lisp.py,EmacsLispLexer,1660,2302,get_tokens_unprocessed,,,likely_nonmatch,no concrete read/observer mutate-then-consume loop
pygments,pygments\lexers\maple.py,MapleLexer,17,291,,,,likely_nonmatch,no concrete read/observer mutate-then-consume loop
pygments,pygments\lexers\markup.py,MozPreprocXulLexer,454,467,,,,likely_nonmatch,no concrete read/observer mutate-then-consume loop
pygments,pygments\lexers\modeling.py,StanLexer,281,368,,,,likely_nonmatch,no concrete read/observer mutate-then-consume loop
pygments,pygments\lexers\parsers.py,RagelCppLexer,266,281,,,,likely_nonmatch,no concrete read/observer mutate-then-consume loop
pygments,pygments\lexers\robotframework.py,RobotFrameworkLexer,55,82,get_tokens_unprocessed,,,likely_nonmatch,no concrete read/observer mutate-then-consume loop
pygments,pygments\lexers\robotframework.py,TemplatedKeywordCall,298,299,,,,likely_nonmatch,no concrete read/observer mutate-then-consume loop
pygments,pygments\lexers\scdoc.py,ScdocLexer,19,85,,,,likely_nonmatch,no concrete read/observer mutate-then-consume loop
pygments,pygments\lexers\scripting.py,EasytrieveLexer,1311,1500,,,,likely_nonmatch,no concrete read/observer mutate-then-consume loop
pygments,pygments\lexers\sieve.py,SieveLexer,27,78,,,,likely_nonmatch,no concrete read/observer mutate-then-consume loop
pygments,pygments\lexers\templates.py,HtmlGenshiLexer,928,950,,,,likely_nonmatch,no concrete read/observer mutate-then-consume loop
pygments,pygments\lexers\templates.py,JavascriptGenshiLexer,979,998,,,,likely_nonmatch,no concrete read/observer mutate-then-consume loop
pygments,pygments\lexers\templates.py,XmlDjangoLexer,1320,1341,,,,likely_nonmatch,no concrete read/observer mutate-then-consume loop
pygments,pygments\lexers\whiley.py,WhileyLexer,18,115,,,,likely_nonmatch,no concrete read/observer mutate-then-consume loop
pygments,pygments\lexers\yang.py,YangLexer,17,103,,,,likely_nonmatch,no concrete read/observer mutate-then-consume loop
pygments,pygments\lexers\yara.py,YaraLexer,18,69,,,,likely_nonmatch,no concrete read/observer mutate-then-consume loop
pygments,pygments\styles\monokai.py,MonokaiStyle,21,112,,,,likely_nonmatch,no concrete read/observer mutate-then-consume loop
pygments,pygments\styles\sas.py,SasStyle,21,46,,,,likely_nonmatch,no concrete read/observer mutate-then-consume loop
pygments,pygments\util.py,Future,265,272,get,,,likely_nonmatch,no concrete read/observer mutate-then-consume loop
pyparsing,pyparsing\core.py,Empty,2758,2772,,,,likely_nonmatch,no concrete read/observer mutate-then-consume loop
pyparsing,pyparsing\core.py,QuotedString,3628,3860,,,,likely_nonmatch,no concrete read/observer mutate-then-consume loop
pyparsing,pyparsing\core.py,Dict,6536,6633,,,,likely_nonmatch,no concrete read/observer mutate-then-consume loop
pyparsing,pyparsing\testing.py,TestParseResultsAsserts,145,275,,,,likely_nonmatch,no concrete read/observer mutate-then-consume loop
pyparsing,pyparsing\unicode.py,Greek,160,198,,,,likely_nonmatch,no concrete read/observer mutate-then-consume loop
python-dotenv,dotenv\variables.py,Variable,48,67,__hash__,__repr__,,likely_nonmatch,no concrete read/observer mutate-then-consume loop
requests,requests\_types.py,GetKwargs,172,174,,,,likely_nonmatch,no concrete read/observer mutate-then-consume loop
requests,requests\cookies.py,MockRequest,31,111,get_type;get_host;get_origin_req_host;get_full_url;get_header;get_new_headers;unverifiable;origin_req_host;host,,,likely_nonmatch,no concrete read/observer mutate-then-consume loop
requests,requests\exceptions.py,ConnectionError,70,71,,,,likely_nonmatch,no concrete read/observer mutate-then-consume loop
requests,requests\exceptions.py,InvalidSchema,114,115,,,,likely_nonmatch,no concrete read/observer mutate-then-consume loop
sortedcontainers,sortedcontainers\sorteddict.py,SortedValuesView,763,812,__getitem__,,,likely_nonmatch,no concrete read/observer mutate-then-consume loop
tenacity,tenacity\stop.py,stop_any,44,51,__call__,,,likely_nonmatch,no concrete read/observer mutate-then-consume loop
tomlkit,tomlkit\exceptions.py,InvalidNumberOrDateError,90,98,,,,likely_nonmatch,no concrete read/observer mutate-then-consume loop
tomlkit,tomlkit\exceptions.py,ConvertError,230,234,,,,likely_nonmatch,no concrete read/observer mutate-then-consume loop
tomlkit,tomlkit\items.py,AoT,2178,2282,body;discriminant;value;__len__;__getitem__;__getitem__;__getitem__,__repr__,,likely_nonmatch,no concrete read/observer mutate-then-consume loop
tomlkit,tomlkit\toml_document.py,TOMLDocument,4,7,,,,likely_nonmatch,no concrete read/observer mutate-then-consume loop
toolz,tlz\_build_tlz.py,TlzLoader,8,88,,,,likely_nonmatch,no concrete read/observer mutate-then-consume loop
typing-extensions,typing_extensions.py,_AnyMeta,202,211,,__repr__,,likely_nonmatch,no concrete read/observer mutate-then-consume loop
typing-extensions,typing_extensions.py,Reader,953,967,read,,,likely_nonmatch,no concrete read/observer mutate-then-consume loop
typing-extensions,typing_extensions.py,ParamSpec,1783,1826,,,,likely_nonmatch,no concrete read/observer mutate-then-consume loop
typing-extensions,typing_extensions.py,_TypeAliasGenericAlias,3629,3633,__getattr__,,,likely_nonmatch,no concrete read/observer mutate-then-consume loop
urllib3,urllib3\connectionpool.py,ConnectionPool,67,113,,__str__,,likely_nonmatch,no concrete read/observer mutate-then-consume loop
urllib3,urllib3\contrib\socks.py,SOCKSHTTPSConnectionPool,169,170,,,,likely_nonmatch,no concrete read/observer mutate-then-consume loop
urllib3,urllib3\exceptions.py,UnrewindableBodyError,334,335,,,,likely_nonmatch,no concrete read/observer mutate-then-consume loop
websockets,websockets\exceptions.py,InvalidProxy,180,191,,__str__,,likely_nonmatch,no concrete read/observer mutate-then-consume loop
websockets,websockets\extensions\base.py,ServerExtensionFactory,93,123,,,,likely_nonmatch,no concrete read/observer mutate-then-consume loop
websockets,websockets\legacy\server.py,WebSocketServerProtocol,56,646,,,,likely_nonmatch,no concrete read/observer mutate-then-consume loop
websockets,websockets\protocol.py,State,55,58,,,,likely_nonmatch,no concrete read/observer mutate-then-consume loop
werkzeug,werkzeug\datastructures\cache_control.py,RequestCacheControl,157,208,,,,likely_nonmatch,no concrete read/observer mutate-then-consume loop
werkzeug,werkzeug\exceptions.py,Gone,446,457,,,,likely_nonmatch,no concrete read/observer mutate-then-consume loop
werkzeug,werkzeug\local.py,LocalManager,186,252,,__repr__,,likely_nonmatch,no concrete read/observer mutate-then-consume loop
werkzeug,werkzeug\routing\exceptions.py,RequestAliasRedirect,59,65,,,,likely_nonmatch,no concrete read/observer mutate-then-consume loop
werkzeug,werkzeug\serving.py,ForkingWSGIServer,880,904,,,,likely_nonmatch,no concrete read/observer mutate-then-consume loop
wrapt,wrapt\synchronization.py,_BoundAsyncFunctionWrapper,133,139,__func__,,,likely_nonmatch,no concrete read/observer mutate-then-consume loop
wrapt,wrapt\wrappers.py,_ObjectProxyDictBase,70,78,,,,likely_nonmatch,no concrete read/observer mutate-then-consume loop
wsproto,wsproto\events.py,TextMessage,233,244,,,,likely_nonmatch,no concrete read/observer mutate-then-consume loop
wsproto,wsproto\frame_protocol.py,Opcode,77,101,,,,likely_nonmatch,no concrete read/observer mutate-then-consume loop
yarl,yarl\_url.py,UndefinedType,100,103,,,,likely_nonmatch,no concrete read/observer mutate-then-consume loop
