body_length,observation_count,cap_degree,unique_permutations,exhaustive_feasible,exact_rational_arithmetic_used,exhaustive_min,exhaustive_max,exhaustive_range,exhaustive_exact_min,exhaustive_exact_max,exhaustive_exact_range,sampled_permutations,sampled_min,sampled_max,sampled_range,sampled_exact_min,sampled_exact_max,sampled_exact_range,mismatch_if_both_available
2,0,1,1,True,True,21.1,21.1,0.0,211/10,211/10,0,1,21.1,21.1,0.0,211/10,211/10,0,False
2,0,2,1,True,True,261.64,261.64,0.0,6541/25,6541/25,0,1,261.64,261.64,0.0,6541/25,6541/25,0,False
2,0,3,1,True,True,3636.796,3636.796,0.0,909199/250,909199/250,0,1,3636.796,3636.796,0.0,909199/250,909199/250,0,False
2,0,4,1,True,True,56734.0176,56734.0176,0.0,35458761/625,35458761/625,0,1,56734.0176,56734.0176,0.0,35458761/625,35458761/625,0,False
2,0,5,1,True,True,992845.308,992845.308,0.0,248211327/250,248211327/250,0,1,992845.308,992845.308,0.0,248211327/250,248211327/250,0,False
2,1,1,3,True,True,21.1,22.1,1.0,211/10,221/10,1,3,21.1,22.1,1.0,211/10,221/10,1,False
2,1,2,3,True,True,303.84,318.24,14.4,7596/25,7956/25,72/5,3,303.84,318.24,14.4,7596/25,7956/25,72/5,False
2,1,3,3,True,True,5134.896,5378.256,243.36,641862/125,672282/125,6084/25,3,5134.896,5378.256,243.36,641862/125,672282/125,6084/25,False
2,1,4,3,True,True,100643.9616,105413.8176,4769.856,62902476/625,65883636/625,596232/125,3,100643.9616,105413.8176,4769.856,62902476/625,65883636/625,596232/125,False
2,1,5,3,True,True,2264489.136,2371810.896,107321.76,283061142/125,296476362/125,2683044/25,3,2264489.136,2371810.896,107321.76,283061142/125,296476362/125,2683044/25,False
2,2,1,6,True,True,21.1,23.1,2.0,211/10,231/10,2,6,21.1,23.1,2.0,211/10,231/10,2,False
2,2,2,6,True,True,346.04,378.84,32.8,8651/25,9471/25,164/5,6,346.04,378.84,32.8,8651/25,9471/25,164/5,False
2,2,3,6,True,True,6886.196,7538.916,652.72,1721549/250,1884729/250,16318/25,6,6886.196,7538.916,652.72,1721549/250,1884729/250,16318/25,False
2,2,4,6,True,True,162514.2256,177918.4176,15404.192,101571391/625,111199011/625,1925524/125,6,162514.2256,177918.4176,15404.192,101571391/625,111199011/625,1925524/125,False
2,2,5,6,True,True,4469141.204,4892756.484,423615.28,1117285301/250,1223189121/250,10590382/25,6,4469141.204,4892756.484,423615.28,1117285301/250,1223189121/250,10590382/25,False
2,3,1,10,True,True,21.1,24.1,3.0,211/10,241/10,3,10,21.1,24.1,3.0,211/10,241/10,3,False
2,3,2,10,True,True,388.24,443.44,55.2,9706/25,11086/25,276/5,10,388.24,443.44,55.2,9706/25,11086/25,276/5,False
2,3,3,10,True,True,8890.696,10154.776,1264.08,1111337/125,1269347/125,31602/25,10,8890.696,10154.776,1264.08,1111337/125,1269347/125,31602/25,False
2,3,4,10,True,True,245383.2096,280271.8176,34888.608,153364506/625,175169886/625,4361076/125,10,245383.2096,280271.8176,34888.608,153364506/625,175169886/625,4361076/125,False
2,3,5,10,True,True,7974954.312,9108834.072,1133879.76,996869289/125,1138604259/125,28346994/25,10,7974954.312,9108834.072,1133879.76,996869289/125,1138604259/125,28346994/25,False
2,4,1,15,True,True,21.1,25.1,4.0,211/10,251/10,4,15,21.1,25.1,4.0,211/10,251/10,4,False
2,4,2,15,True,True,430.44,512.04,81.6,10761/25,12801/25,408/5,15,430.44,512.04,81.6,10761/25,12801/25,408/5,False
2,4,3,15,True,True,11148.396,13261.836,2113.44,2787099/250,3315459/250,52836/25,15,11148.396,13261.836,2113.44,2787099/250,3315459/250,52836/25,False
2,4,4,15,True,True,352289.3136,419074.0176,66784.704,220180821/625,261921261/625,8348088/125,15,352289.3136,419074.0176,66784.704,220180821/625,261921261/625,8348088/125,False
2,4,5,15,True,True,13210849.26,15715275.66,2504426.4,660542463/50,785763783/50,12522132/5,15,13210849.26,15715275.66,2504426.4,660542463/50,785763783/50,12522132/5,False
2,5,1,21,True,True,21.1,26.1,5.0,211/10,261/10,5,21,21.1,26.1,5.0,211/10,261/10,5,False
2,5,2,21,True,True,472.64,584.64,112.0,11816/25,14616/25,112,21,472.64,584.64,112.0,11816/25,14616/25,112,False
2,5,3,21,True,True,13659.296,16896.096,3236.8,1707412/125,2112012/125,16184/5,21,13659.296,16896.096,3236.8,1707412/125,2112012/125,16184/5,False
2,5,4,21,True,True,486270.9376,601501.0176,115230.08,303919336/625,375938136/625,2880752/25,21,486270.9376,601501.0176,115230.08,303919336/625,375938136/625,2880752/25,False
2,5,5,21,True,True,20666514.848,25563793.248,4897278.4,2583314356/125,3195474156/125,24486392/5,21,20666514.848,25563793.248,4897278.4,2583314356/125,3195474156/125,24486392/5,False
3,0,1,1,True,True,33.5,33.5,0.0,67/2,67/2,0,1,33.5,33.5,0.0,67/2,67/2,0,False
3,0,2,1,True,True,465.65,465.65,0.0,9313/20,9313/20,0,1,465.65,465.65,0.0,9313/20,9313/20,0,False
3,0,3,1,True,True,7264.14,7264.14,0.0,363207/50,363207/50,0,1,7264.14,7264.14,0.0,363207/50,363207/50,0,False
3,0,4,1,True,True,127122.45,127122.45,0.0,2542449/20,2542449/20,0,1,127122.45,127122.45,0.0,2542449/20,2542449/20,0,False
3,0,5,1,True,True,2491600.02,2491600.02,0.0,124580001/50,124580001/50,0,1,2491600.02,2491600.02,0.0,124580001/50,124580001/50,0,False
3,1,1,4,True,True,33.5,36.5,3.0,67/2,73/2,3,4,33.5,36.5,3.0,67/2,73/2,3,False
3,1,2,4,True,True,566.15,616.85,50.7,11323/20,12337/20,507/10,4,566.15,616.85,50.7,11323/20,12337/20,507/10,False
3,1,3,4,True,True,11096.54,12090.26,993.72,554827/50,604513/50,24843/25,4,11096.54,12090.26,993.72,554827/50,604513/50,24843/25,False
3,1,4,4,True,True,249672.15,272030.85,22358.7,4993443/20,5440617/20,223587/10,4,249672.15,272030.85,22358.7,4993443/20,5440617/20,223587/10,False
3,1,5,4,True,True,6391607.04,6963989.76,572382.72,159790176/25,174099744/25,14309568/25,4,6391607.04,6963989.76,572382.72,159790176/25,174099744/25,14309568/25,False
3,2,1,10,True,True,33.5,39.5,6.0,67/2,79/2,6,10,33.5,39.5,6.0,67/2,79/2,6,False
3,2,2,10,True,True,666.65,786.05,119.4,13333/20,15721/20,597/5,10,666.65,786.05,119.4,13333/20,15721/20,597/5,False
3,2,3,10,True,True,15732.94,18550.78,2817.84,786647/50,927539/50,70446/25,10,15732.94,18550.78,2817.84,786647/50,927539/50,70446/25,False
3,2,4,10,True,True,432655.85,510146.45,77490.6,8653117/20,10202929/20,387453/5,10,432655.85,510146.45,77490.6,8653117/20,10202929/20,387453/5,False
3,2,5,10,True,True,13671924.86,16120627.82,2448702.96,683596243/50,806031391/50,61217574/25,10,13671924.86,16120627.82,2448702.96,683596243/50,806031391/50,61217574/25,False
3,3,1,20,True,True,33.5,42.5,9.0,67/2,85/2,9,20,33.5,42.5,9.0,67/2,85/2,9,False
3,3,2,20,True,True,767.15,973.25,206.1,15343/20,3893/4,2061/10,20,767.15,973.25,206.1,15343/20,3893/4,2061/10,False
3,3,3,20,True,True,21173.34,26861.7,5688.36,1058667/50,268617/10,142209/25,20,21173.34,26861.7,5688.36,1058667/50,268617/10,142209/25,False
3,3,4,20,True,True,688133.55,873005.25,184871.7,13762671/20,3492021/4,1848717/10,20,688133.55,873005.25,184871.7,13762671/20,3492021/4,1848717/10,False
3,3,5,20,True,True,25873821.48,32824997.4,6951175.92,646845537/25,164124987/5,173779398/25,20,25873821.48,32824997.4,6951175.92,646845537/25,164124987/5,173779398/25,False
3,4,1,35,True,True,33.5,45.5,12.0,67/2,91/2,12,35,33.5,45.5,12.0,67/2,91/2,12,False
3,4,2,35,True,True,867.65,1178.45,310.8,17353/20,23569/20,1554/5,35,867.65,1178.45,310.8,17353/20,23569/20,1554/5,False
3,4,3,35,True,True,27417.74,37239.02,9821.28,1370887/50,1861951/50,245532/25,35,27417.74,37239.02,9821.28,1370887/50,1861951/50,245532/25,False
3,4,4,35,True,True,1028165.25,1396463.25,368298.0,4112661/4,5585853/4,368298,35,1028165.25,1396463.25,368298.0,4112661/4,5585853/4,368298,False
3,4,5,35,True,True,44828004.9,60885797.7,16057792.8,448280049/10,608857977/10,80288964/5,35,44828004.9,60885797.7,16057792.8,448280049/10,608857977/10,80288964/5,False
3,5,1,56,True,True,33.5,48.5,15.0,67/2,97/2,15,56,33.5,48.5,15.0,67/2,97/2,15,False
3,5,2,56,True,True,968.15,1401.65,433.5,19363/20,28033/20,867/2,56,968.15,1401.65,433.5,19363/20,28033/20,867/2,False
3,5,3,56,True,True,34466.14,49898.74,15432.6,1723307/50,2494937/50,77163/5,56,34466.14,49898.74,15432.6,1723307/50,2494937/50,77163/5,False
3,5,4,56,True,True,1464810.95,2120696.45,655885.5,29296219/20,42413929/20,1311771/2,56,1464810.95,2120696.45,655885.5,29296219/20,42413929/20,1311771/2,False
3,5,5,56,True,True,72654623.12,105186543.92,32531920.8,1816365578/25,2629663598/25,162659604/5,56,72654623.12,105186543.92,32531920.8,1816365578/25,2629663598/25,162659604/5,False
4,0,1,1,True,True,47.4,47.4,0.0,237/5,237/5,0,1,47.4,47.4,0.0,237/5,237/5,0,False
4,0,2,1,True,True,739.44,739.44,0.0,18486/25,18486/25,0,1,739.44,739.44,0.0,18486/25,18486/25,0,False
4,0,3,1,True,True,12940.2,12940.2,0.0,64701/5,64701/5,0,1,12940.2,12940.2,0.0,64701/5,64701/5,0,False
4,0,4,1,True,True,253627.92,253627.92,0.0,6340698/25,6340698/25,0,1,253627.92,253627.92,0.0,6340698/25,6340698/25,0,False
4,0,5,1,True,True,5554451.448,5554451.448,0.0,694306431/125,694306431/125,0,1,5554451.448,5554451.448,0.0,694306431/125,694306431/125,0,False
4,1,1,5,True,True,47.4,53.4,6.0,237/5,267/5,6,5,47.4,53.4,6.0,237/5,267/5,6,False
4,1,2,5,True,True,929.04,1046.64,117.6,23226/25,26166/25,588/5,5,929.04,1046.64,117.6,23226/25,26166/25,588/5,False
4,1,3,5,True,True,20903.4,23549.4,2646.0,104517/5,117747/5,2646,5,20903.4,23549.4,2646.0,104517/5,117747/5,2646,False
4,1,4,5,True,True,535127.04,602864.64,67737.6,13378176/25,15071616/25,338688/5,5,535127.04,602864.64,67737.6,13378176/25,15071616/25,338688/5,False
4,1,5,5,True,True,15465171.456,17422788.096,1957616.64,1933146432/125,2177848512/125,48940416/25,5,15465171.456,17422788.096,1957616.64,1933146432/125,2177848512/125,48940416/25,False
4,2,1,15,True,True,47.4,59.4,12.0,237/5,297/5,12,15,47.4,59.4,12.0,237/5,297/5,12,False
4,2,2,15,True,True,1118.64,1401.84,283.2,27966/25,35046/25,1416/5,15,1118.64,1401.84,283.2,27966/25,35046/25,1416/5,False
4,2,3,15,True,True,30762.6,38550.6,7788.0,153813/5,192753/5,7788,15,30762.6,38550.6,7788.0,153813/5,192753/5,7788,False
4,2,4,15,True,True,972098.16,1218198.96,246100.8,24302454/25,30454974/25,1230504/5,15,972098.16,1218198.96,246100.8,24302454/25,30454974/25,1230504/5,False
4,2,5,15,True,True,34898323.944,43733342.664,8835018.72,4362290493/125,5466667833/125,220875468/25,15,34898323.944,43733342.664,8835018.72,4362290493/125,5466667833/125,220875468/25,False
4,3,1,35,True,True,47.4,65.4,18.0,237/5,327/5,18,35,47.4,65.4,18.0,237/5,327/5,18,False
4,3,2,35,True,True,1308.24,1805.04,496.8,32706/25,45126/25,2484/5,35,1308.24,1805.04,496.8,32706/25,45126/25,2484/5,False
4,3,3,35,True,True,42517.8,58663.8,16146.0,212589/5,293319/5,16146,35,42517.8,58663.8,16146.0,212589/5,293319/5,16146,False
4,3,4,35,True,True,1598669.28,2205758.88,607089.6,39966732/25,55143972/25,3035448/5,35,1598669.28,2205758.88,607089.6,39966732/25,55143972/25,3035448/5,False
4,3,5,35,True,True,68582912.112,94627055.952,26044143.84,8572864014/125,11828381994/125,651103596/25,35,68582912.112,94627055.952,26044143.84,8572864014/125,11828381994/125,651103596/25,False
4,4,1,70,True,True,47.4,71.4,24.0,237/5,357/5,24,70,47.4,71.4,24.0,237/5,357/5,24,False
4,4,2,70,True,True,1497.84,2256.24,758.4,37446/25,56406/25,3792/5,70,1497.84,2256.24,758.4,37446/25,56406/25,3792/5,False
4,4,3,70,True,True,56169.0,84609.0,28440.0,56169,84609,28440,70,56169.0,84609.0,28440.0,56169,84609,28440,False
4,4,4,70,True,True,2448968.4,3688952.4,1239984.0,12244842/5,18444762/5,1239984,70,2448968.4,3688952.4,1239984.0,12244842/5,18444762/5,1239984,False
4,4,5,70,True,True,122203523.16,184078724.76,61875201.6,3055088079/25,4601968119/25,309376008/5,70,122203523.16,184078724.76,61875201.6,3055088079/25,4601968119/25,309376008/5,False
4,5,1,126,True,True,47.4,77.4,30.0,237/5,387/5,30,126,47.4,77.4,30.0,237/5,387/5,30,False
4,5,2,126,True,True,1687.44,2755.44,1068.0,42186/25,68886/25,1068,126,1687.44,2755.44,1068.0,42186/25,68886/25,1068,False
4,5,3,126,True,True,71716.2,117106.2,45390.0,358581/5,585531/5,45390,126,71716.2,117106.2,45390.0,358581/5,585531/5,45390,False
4,5,4,126,True,True,3557123.52,5808467.52,2251344.0,88928088/25,145211688/25,2251344,126,3557123.52,5808467.52,2251344.0,88928088/25,145211688/25,2251344,False
4,5,5,126,True,True,202400328.288,330501801.888,128101473.6,25300041036/125,41312725236/125,640507368/5,126,202400328.288,330501801.888,128101473.6,25300041036/125,41312725236/125,640507368/5,False
5,0,1,1,True,True,63.0,63.0,0.0,63,63,0,1,63.0,63.0,0.0,63,63,0,False
5,0,2,1,True,True,1102.5,1102.5,0.0,2205/2,2205/2,0,1,1102.5,1102.5,0.0,2205/2,2205/2,0,False
5,0,3,1,True,True,21609.0,21609.0,0.0,21609,21609,0,1,21609.0,21609.0,0.0,21609,21609,0,False
5,0,4,1,True,True,473237.1,473237.1,0.0,4732371/10,4732371/10,0,1,473237.1,473237.1,0.0,4732371/10,4732371/10,0,False
5,0,5,1,True,True,11546985.24,11546985.24,0.0,288674631/25,288674631/25,0,1,11546985.24,11546985.24,0.0,288674631/25,288674631/25,0,False
5,1,1,6,True,True,63.0,73.0,10.0,63,73,10,6,63.0,73.0,10.0,63,73,10,False
5,1,2,6,True,True,1417.5,1642.5,225.0,2835/2,3285/2,225,6,1417.5,1642.5,225.0,2835/2,3285/2,225,False
5,1,3,6,True,True,36288.0,42048.0,5760.0,36288,42048,5760,6,36288.0,42048.0,5760.0,36288,42048,5760,False
5,1,4,6,True,True,1048723.2,1215187.2,166464.0,5243616/5,6075936/5,166464,6,1048723.2,1215187.2,166464.0,5243616/5,6075936/5,166464,False
5,1,5,6,True,True,33978631.68,39372065.28,5393433.6,849465792/25,984301632/25,26967168/5,6,33978631.68,39372065.28,5393433.6,849465792/25,984301632/25,26967168/5,False
5,2,1,21,True,True,63.0,83.0,20.0,63,83,20,21,63.0,83.0,20.0,63,83,20,False
5,2,2,21,True,True,1732.5,2282.5,550.0,3465/2,4565/2,550,21,1732.5,2282.5,550.0,3465/2,4565/2,550,False
5,2,3,21,True,True,54747.0,72127.0,17380.0,54747,72127,17380,21,54747.0,72127.0,17380.0,54747,72127,17380,False
5,2,4,21,True,True,1965417.3,2589359.3,623942.0,19654173/10,25893593/10,623942,21,1965417.3,2589359.3,623942.0,19654173/10,25893593/10,623942,False
5,2,5,21,True,True,79402858.92,104610115.72,25207256.8,1985071473/25,2615252893/25,126036284/5,21,79402858.92,104610115.72,25207256.8,1985071473/25,2615252893/25,126036284/5,False
5,3,1,56,True,True,63.0,93.0,30.0,63,93,30,56,63.0,93.0,30.0,63,93,30,False
5,3,2,56,True,True,2047.5,3022.5,975.0,4095/2,6045/2,975,56,2047.5,3022.5,975.0,4095/2,6045/2,975,False
5,3,3,56,True,True,76986.0,113646.0,36660.0,76986,113646,36660,56,76986.0,113646.0,36660.0,76986,113646,36660,False
5,3,4,56,True,True,3302699.4,4875413.4,1572714.0,16513497/5,24377067/5,1572714,56,3302699.4,4875413.4,1572714.0,16513497/5,24377067/5,1572714,False
5,3,5,56,True,True,159850650.96,235970008.56,76119357.6,3996266274/25,5899250214/25,380596788/5,56,159850650.96,235970008.56,76119357.6,3996266274/25,5899250214/25,380596788/5,False
5,4,1,126,True,True,63.0,103.0,40.0,63,103,40,126,63.0,103.0,40.0,63,103,40,False
5,4,2,126,True,True,2362.5,3862.5,1500.0,4725/2,7725/2,1500,126,2362.5,3862.5,1500.0,4725/2,7725/2,1500,False
5,4,3,126,True,True,103005.0,168405.0,65400.0,103005,168405,65400,126,103005.0,168405.0,65400.0,103005,168405,65400,False
5,4,4,126,True,True,5139949.5,8403409.5,3263460.0,10279899/2,16806819/2,3263460,126,5139949.5,8403409.5,3263460.0,10279899/2,16806819/2,3263460,False
5,4,5,126,True,True,289893151.8,473952295.8,184059144.0,1449465759/5,2369761479/5,184059144,126,289893151.8,473952295.8,184059144.0,1449465759/5,2369761479/5,184059144,False
5,5,1,252,True,True,63.0,113.0,50.0,63,113,50,252,63.0,113.0,50.0,63,113,50,False
5,5,2,252,True,True,2677.5,4802.5,2125.0,5355/2,9605/2,2125,252,2677.5,4802.5,2125.0,5355/2,9605/2,2125,False
5,5,3,252,True,True,132804.0,238204.0,105400.0,132804,238204,105400,252,132804.0,238204.0,105400.0,132804,238204,105400,False
5,5,4,252,True,True,7556547.6,13553807.6,5997260.0,37782738/5,67769038/5,5997260,252,7556547.6,13553807.6,5997260.0,37782738/5,67769038/5,5997260,False
5,5,5,252,True,True,486641665.44,872865209.44,386223544.0,12166041636/25,21821630236/25,386223544,252,486641665.44,872865209.44,386223544.0,12166041636/25,21821630236/25,386223544,False
6,0,1,1,True,True,80.5,80.5,0.0,161/2,161/2,0,1,80.5,80.5,0.0,161/2,161/2,0,False
6,0,2,1,True,True,1577.8,1577.8,0.0,7889/5,7889/5,0,1,1577.8,1577.8,0.0,7889/5,7889/5,0,False
6,0,3,1,True,True,34553.82,34553.82,0.0,1727691/50,1727691/50,0,1,34553.82,34553.82,0.0,1727691/50,1727691/50,0,False
6,0,4,1,True,True,843113.208,843113.208,0.0,105389151/125,105389151/125,0,1,843113.208,843113.208,0.0,105389151/125,105389151/125,0,False
6,0,5,1,True,True,22848367.9368,22848367.9368,0.0,28560459921/1250,28560459921/1250,0,1,22848367.9368,22848367.9368,0.0,28560459921/1250,28560459921/1250,0,False
6,1,1,7,True,True,80.5,95.5,15.0,161/2,191/2,15,7,80.5,95.5,15.0,161/2,191/2,15,False
6,1,2,7,True,True,2060.8,2444.8,384.0,10304/5,12224/5,384,7,2060.8,2444.8,384.0,10304/5,12224/5,384,False
6,1,3,7,True,True,59557.12,70654.72,11097.6,1488928/25,1766368/25,55488/5,7,59557.12,70654.72,11097.6,1488928/25,1766368/25,55488/5,False
6,1,4,7,True,True,1929650.688,2289212.928,359562.24,241206336/125,286151616/125,8989056/25,7,1929650.688,2289212.928,359562.24,241206336/125,286151616/125,8989056/25,False
6,1,5,7,True,True,69660389.8368,82640586.7008,12980196.864,43537743648/625,51650366688/625,1622524608/125,7,69660389.8368,82640586.7008,12980196.864,43537743648/625,51650366688/625,1622524608/125,False
6,2,1,28,True,True,80.5,110.5,30.0,161/2,221/2,30,28,80.5,110.5,30.0,161/2,221/2,30,False
6,2,2,28,True,True,2543.8,3491.8,948.0,12719/5,17459/5,948,28,2543.8,3491.8,948.0,12719/5,17459/5,948,False
6,2,3,28,True,True,91322.42,125355.62,34033.2,4566121/50,6267781/50,170166/5,28,91322.42,125355.62,34033.2,4566121/50,6267781/50,170166/5,False
6,2,4,28,True,True,3689425.768,5064367.048,1374941.28,461178221/125,633045881/125,34373532/25,28,3689425.768,5064367.048,1374941.28,461178221/125,633045881/125,34373532/25,False
6,2,5,28,True,True,166393102.1368,228402953.8648,62009851.728,207991377671/1250,285503692331/1250,7751231466/125,28,166393102.1368,228402953.8648,62009851.728,207991377671/1250,285503692331/1250,7751231466/125,False
6,3,1,84,True,True,80.5,125.5,45.0,161/2,251/2,45,84,80.5,125.5,45.0,161/2,251/2,45,False
6,3,2,84,True,True,3026.8,4718.8,1692.0,15134/5,23594/5,1692,84,3026.8,4718.8,1692.0,15134/5,23594/5,1692,False
6,3,3,84,True,True,129849.72,202436.52,72586.8,3246243/25,5060913/25,362934/5,84,129849.72,202436.52,72586.8,3246243/25,5060913/25,362934/5,False
6,3,4,84,True,True,6284726.448,9797927.568,3513201.12,785590806/125,1224740946/125,87830028/25,84,6284726.448,9797927.568,3513201.12,785590806/125,1224740946/125,87830028/25,False
6,3,5,84,True,True,340003700.8368,530067881.4288,190064180.592,212502313023/625,331292425893/625,23758022574/125,84,340003700.8368,530067881.4288,190064180.592,212502313023/625,331292425893/625,23758022574/125,False
6,4,1,210,True,True,80.5,140.5,60.0,161/2,281/2,60,210,80.5,140.5,60.0,161/2,281/2,60,False
6,4,2,210,True,True,3509.8,6125.8,2616.0,17549/5,30629/5,2616,210,3509.8,6125.8,2616.0,17549/5,30629/5,2616,False
6,4,3,210,True,True,175139.02,305677.42,130538.4,8756951/50,15283871/50,652692/5,210,175139.02,305677.42,130538.4,8756951/50,15283871/50,652692/5,False
6,4,4,210,True,True,9877840.728,17240206.488,7362365.76,1234730091/125,2155025811/125,184059144/25,210,9877840.728,17240206.488,7362365.76,1234730091/125,2155025811/125,184059144/25,False
6,4,5,210,True,True,623291749.9368,1087857029.3928,464565279.456,779114687421/1250,1359821286741/1250,58070659932/125,210,623291749.9368,1087857029.3928,464565279.456,779114687421/1250,1359821286741/1250,58070659932/125,False
6,5,1,462,True,True,80.5,155.5,75.0,161/2,311/2,75,462,80.5,155.5,75.0,161/2,311/2,75,False
6,5,2,462,True,True,3992.8,7712.8,3720.0,19964/5,38564/5,3720,462,3992.8,7712.8,3720.0,19964/5,38564/5,3720,False
6,5,3,462,True,True,227190.32,438858.32,211668.0,5679758/25,10971458/25,211668,462,227190.32,438858.32,211668.0,5679758/25,10971458/25,211668,False
6,5,4,462,True,True,14631056.608,28262475.808,13631419.2,1828882076/125,3532809476/125,68157096/5,462,14631056.608,28262475.808,13631419.2,1828882076/125,3532809476/125,68157096/5,False
6,5,5,462,True,True,1054899181.4368,2037724505.7568,982825324.32,659311988398/625,1273577816098/625,24570633108/25,462,1054899181.4368,2037724505.7568,982825324.32,659311988398/625,1273577816098/625,24570633108/25,False
7,0,1,1,True,True,100.1,100.1,0.0,1001/10,1001/10,0,1,100.1,100.1,0.0,1001/10,1001/10,0,False
7,0,2,1,True,True,2192.19,2192.19,0.0,219219/100,219219/100,0,1,2192.19,2192.19,0.0,219219/100,219219/100,0,False
7,0,3,1,True,True,53489.436,53489.436,0.0,13372359/250,13372359/250,0,1,53489.436,53489.436,0.0,13372359/250,13372359/250,0,False
7,0,4,1,True,True,1449563.7156,1449563.7156,0.0,3623909289/2500,3623909289/2500,0,1,1449563.7156,1449563.7156,0.0,3623909289/2500,3623909289/2500,0,False
7,0,5,1,True,True,43486911.468,43486911.468,0.0,10871727867/250,10871727867/250,0,1,43486911.468,43486911.468,0.0,10871727867/250,10871727867/250,0,False
7,1,1,8,True,True,100.1,121.1,21.0,1001/10,1211/10,21,8,100.1,121.1,21.0,1001/10,1211/10,21,False
7,1,2,8,True,True,2892.89,3499.79,606.9,289289/100,349979/100,6069/10,8,2892.89,3499.79,606.9,289289/100,349979/100,6069/10,False
7,1,3,8,True,True,93729.636,113393.196,19663.56,23432409/250,28348299/250,491589/25,8,93729.636,113393.196,19663.56,23432409/250,28348299/250,491589/25,False
7,1,4,8,True,True,3383639.8596,4093494.3756,709854.516,8459099649/2500,10233735939/2500,177463629/250,8,3383639.8596,4093494.3756,709854.516,8459099649/2500,10233735939/2500,177463629/250,False
7,1,5,8,True,True,135345594.384,163739775.024,28394180.64,16918199298/125,20467471878/125,709854516/25,8,135345594.384,163739775.024,28394180.64,16918199298/125,20467471878/125,709854516/25,False
7,2,1,36,True,True,100.1,142.1,42.0,1001/10,1421/10,42,36,100.1,142.1,42.0,1001/10,1421/10,42,False
7,2,2,36,True,True,3593.59,5101.39,1507.8,359359/100,510139/100,7539/5,36,3593.59,5101.39,1507.8,359359/100,510139/100,7539/5,False
7,2,3,36,True,True,145181.036,206096.156,60915.12,36295259/250,51524039/250,1522878/25,36,145181.036,206096.156,60915.12,36295259/250,51524039/250,1522878/25,False
7,2,4,36,True,True,6547664.7236,9294936.6356,2747271.912,16369161809/2500,23237341589/2500,343408989/125,36,6547664.7236,9294936.6356,2747271.912,16369161809/2500,23237341589/2500,343408989/125,False
7,2,5,36,True,True,327383236.18,464746831.78,137363595.6,16369161809/50,23237341589/50,686817978/5,36,327383236.18,464746831.78,137363595.6,16369161809/50,23237341589/50,686817978/5,False
7,3,1,120,True,True,100.1,163.1,63.0,1001/10,1631/10,63,120,100.1,163.1,63.0,1001/10,1631/10,63,False
7,3,2,120,True,True,4294.29,6996.99,2702.7,429429/100,699699/100,27027/10,120,4294.29,6996.99,2702.7,429429/100,699699/100,27027/10,False
7,3,3,120,True,True,207843.636,338654.316,130810.68,51960909/250,84663579/250,3270267/25,120,207843.636,338654.316,130810.68,51960909/250,84663579/250,3270267/25,False
7,3,4,120,True,True,11244340.7076,18321198.4956,7076857.788,28110851769/2500,45802996239/2500,1769214447/250,120,11244340.7076,18321198.4956,7076857.788,28110851769/2500,45802996239/2500,1769214447/250,False
7,3,5,120,True,True,674660442.456,1099271909.736,424611467.28,84332555307/125,137408988717/125,10615286682/25,120,674660442.456,1099271909.736,424611467.28,84332555307/125,137408988717/125,10615286682/25,False
7,4,1,330,True,True,100.1,184.1,84.0,1001/10,1841/10,84,330,100.1,184.1,84.0,1001/10,1841/10,84,False
7,4,2,330,True,True,4994.99,9186.59,4191.6,499499/100,918659/100,20958/5,330,4994.99,9186.59,4191.6,499499/100,918659/100,20958/5,False
7,4,3,330,True,True,281717.436,518123.676,236406.24,70429359/250,129530919/250,5910156/25,330,281717.436,518123.676,236406.24,70429359/250,129530919/250,5910156/25,False
7,4,4,330,True,True,17776370.2116,32693603.9556,14917233.744,44440925529/2500,81734009889/2500,1864654218/125,330,17776370.2116,32693603.9556,14917233.744,44440925529/2500,81734009889/2500,1864654218/125,False
7,4,5,330,True,True,1244345914.812,2288552276.892,1044206362.08,311086478703/250,572138069223/250,26105159052/25,330,1244345914.812,2288552276.892,1044206362.08,311086478703/250,572138069223/250,26105159052/25,False
7,5,1,792,True,True,100.1,205.1,105.0,1001/10,2051/10,105,512,100.1,205.1,105.0,1001/10,2051/10,105,False
7,5,2,792,True,True,5695.69,11670.19,5974.5,569569/100,1167019/100,11949/2,512,5695.69,11670.19,5974.5,569569/100,1167019/100,11949/2,False
7,5,3,792,True,True,366802.436,751560.236,384757.8,91700609/250,187890059/250,1923789/5,512,366802.436,751560.236,384757.8,91700609/250,187890059/250,1923789/5,False
7,5,4,792,True,True,26446455.6356,54187493.0156,27741037.38,66116139089/2500,135468732539/2500,1387051869/50,512,26446455.6356,54187493.0156,27741037.38,66116139089/2500,135468732539/2500,1387051869/50,False
7,5,5,792,True,True,2115716450.848,4334999441.248,2219282990.4,264464556356/125,541874930156/125,11096414952/5,512,2115716450.848,4334999441.248,2219282990.4,264464556356/125,541874930156/125,11096414952/5,False
8,0,1,1,True,True,122.0,122.0,0.0,122,122,0,1,122.0,122.0,0.0,122,122,0,False
8,0,2,1,True,True,2976.8,2976.8,0.0,14884/5,14884/5,0,1,2976.8,2976.8,0.0,14884/5,14884/5,0,False
8,0,3,1,True,True,80671.28,80671.28,0.0,2016782/25,2016782/25,0,1,80671.28,80671.28,0.0,2016782/25,2016782/25,0,False
8,0,4,1,True,True,2420138.4,2420138.4,0.0,12100692/5,12100692/5,0,1,2420138.4,2420138.4,0.0,12100692/5,12100692/5,0,False
8,0,5,1,True,True,80106581.04,80106581.04,0.0,2002664526/25,2002664526/25,0,1,80106581.04,80106581.04,0.0,2002664526/25,2002664526/25,0,False
8,1,1,9,True,True,122.0,150.0,28.0,122,150,28,9,122.0,150.0,28.0,122,150,28,False
8,1,2,9,True,True,3952.8,4860.0,907.2,19764/5,4860,4536/5,9,3952.8,4860.0,907.2,19764/5,4860,4536/5,False
8,1,3,9,True,True,142696.08,175446.0,32749.92,3567402/25,175446,818748/25,9,142696.08,175446.0,32749.92,3567402/25,175446,818748/25,False
8,1,4,9,True,True,5707843.2,7017840.0,1309996.8,28539216/5,7017840,6549984/5,9,5707843.2,7017840.0,1309996.8,28539216/5,7017840,6549984/5,False
8,1,5,9,True,True,251715885.12,309486744.0,57770858.88,6292897128/25,309486744,1444271472/25,9,251715885.12,309486744.0,57770858.88,6292897128/25,309486744,1444271472/25,False
8,2,1,45,True,True,122.0,178.0,56.0,122,178,56,45,122.0,178.0,56.0,122,178,56,False
8,2,2,45,True,True,4928.8,7191.2,2262.4,24644/5,35956/5,11312/5,45,4928.8,7191.2,2262.4,24644/5,35956/5,11312/5,False
8,2,3,45,True,True,222288.88,324323.12,102034.24,5557222/25,8108078/25,2550856/25,45,222288.88,324323.12,102034.24,5557222/25,8108078/25,2550856/25,False
8,2,4,45,True,True,11114444.0,16216156.0,5101712.0,11114444,16216156,5101712,45,11114444.0,16216156.0,5101712.0,11114444,16216156,5101712,False
8,2,5,45,True,True,612405864.4,893510195.6,281104331.2,3062029322/5,4467550978/5,1405521656/5,45,612405864.4,893510195.6,281104331.2,3062029322/5,4467550978/5,1405521656/5,False
8,3,1,165,True,True,122.0,206.0,84.0,122,206,84,165,122.0,206.0,84.0,122,206,84,False
8,3,2,165,True,True,5904.8,9970.4,4065.6,29524/5,49852/5,20328/5,165,5904.8,9970.4,4065.6,29524/5,49852/5,20328/5,False
8,3,3,165,True,True,319449.68,539398.64,219948.96,7986242/25,13484966/25,5498724/25,165,319449.68,539398.64,219948.96,7986242/25,13484966/25,5498724/25,False
8,3,4,165,True,True,19166980.8,32363918.4,13196937.6,95834904/5,161819592/5,65984688/5,165,19166980.8,32363918.4,13196937.6,95834904/5,161819592/5,65984688/5,False
8,3,5,165,True,True,1266937430.88,2139255006.24,872317575.36,31673435772/25,53481375156/25,21807939384/25,165,1266937430.88,2139255006.24,872317575.36,31673435772/25,53481375156/25,21807939384/25,False
8,4,1,495,True,True,122.0,234.0,112.0,122,234,112,495,122.0,234.0,112.0,122,234,112,False
8,4,2,495,True,True,6880.8,13197.6,6316.8,34404/5,65988/5,31584/5,495,6880.8,13197.6,6316.8,34404/5,65988/5,31584/5,False
8,4,3,495,True,True,434178.48,832768.56,398590.08,10854462/25,20819214/25,9964752/25,495,434178.48,832768.56,398590.08,10854462/25,20819214/25,9964752/25,False
8,4,4,495,True,True,30392493.6,58293799.2,27901305.6,151962468/5,291468996/5,139506528/5,495,30392493.6,58293799.2,27901305.6,151962468/5,291468996/5,139506528/5,False
8,4,5,495,True,True,2343261256.56,4494451918.32,2151190661.76,58581531414/25,112361297958/25,53779766544/25,495,2343261256.56,4494451918.32,2151190661.76,58581531414/25,112361297958/25,53779766544/25,False
8,5,1,1287,True,True,122.0,262.0,140.0,122,262,140,512,150.0,262.0,112.0,150,262,112,True
8,5,2,1287,True,True,7856.8,16872.8,9016.0,39284/5,84364/5,9016,512,9660.0,16872.8,7212.8,9660,84364/5,36064/5,True
8,5,3,1287,True,True,566475.28,1216528.88,650053.6,14161882/25,30413222/25,3250268/5,512,696486.0,1216528.88,520042.88,696486,30413222/25,13001072/25,True
8,5,4,1287,True,True,45318022.4,97322310.4,52004288.0,226590112/5,486611552/5,52004288,512,55718880.0,97322310.4,41603430.4,55718880,486611552/5,208017152/5,True
8,5,5,1287,True,True,3992517773.44,8574095546.24,4581577772.8,99812944336/25,214352388656/25,22907888864/5,512,4908833328.0,8574095546.24,3665262218.24,4908833328,214352388656/25,91631555456/25,True
9,0,1,1,True,True,146.4,146.4,0.0,732/5,732/5,0,1,146.4,146.4,0.0,732/5,732/5,0,False
9,0,2,1,True,True,3967.44,3967.44,0.0,99186/25,99186/25,0,1,3967.44,3967.44,0.0,99186/25,99186/25,0,False
9,0,3,1,True,True,119023.2,119023.2,0.0,595116/5,595116/5,0,1,119023.2,119023.2,0.0,595116/5,595116/5,0,False
9,0,4,1,True,True,3939667.92,3939667.92,0.0,98491698/25,98491698/25,0,1,3939667.92,3939667.92,0.0,98491698/25,98491698/25,0,False
9,0,5,1,True,True,143403912.288,143403912.288,0.0,17925489036/125,17925489036/125,0,1,143403912.288,143403912.288,0.0,17925489036/125,17925489036/125,0,False
9,1,1,10,True,True,146.4,182.4,36.0,732/5,912/5,36,10,146.4,182.4,36.0,732/5,912/5,36,False
9,1,2,10,True,True,5285.04,6584.64,1299.6,132126/25,164616/25,6498/5,10,5285.04,6584.64,1299.6,132126/25,164616/25,6498/5,False
9,1,3,10,True,True,211401.6,263385.6,51984.0,1057008/5,1316928/5,51984,10,211401.6,263385.6,51984.0,1057008/5,1316928/5,51984,False
9,1,4,10,True,True,9322810.56,11615304.96,2292494.4,233070264/25,290382624/25,11462472/5,10,9322810.56,11615304.96,2292494.4,233070264/25,290382624/25,11462472/5,False
9,1,5,10,True,True,451224031.104,562180760.064,110956728.96,56403003888/125,70272595008/125,2773918224/25,10,451224031.104,562180760.064,110956728.96,56403003888/125,70272595008/125,2773918224/25,False
9,2,1,55,True,True,146.4,218.4,72.0,732/5,1092/5,72,55,146.4,218.4,72.0,732/5,1092/5,72,False
9,2,2,55,True,True,6602.64,9849.84,3247.2,165066/25,246246/25,16236/5,55,6602.64,9849.84,3247.2,165066/25,246246/25,16236/5,False
9,2,3,55,True,True,330132.0,492492.0,162360.0,330132,492492,162360,55,330132.0,492492.0,162360.0,330132,492492,162360,False
9,2,4,55,True,True,18190273.2,27136309.2,8946036.0,90951366/5,135681546/5,8946036,55,18190273.2,27136309.2,8946036.0,90951366/5,135681546/5,8946036,False
9,2,5,55,True,True,1098692501.28,1639033075.68,540340574.4,27467312532/25,40975826892/25,2701702872/5,55,1098692501.28,1639033075.68,540340574.4,27467312532/25,40975826892/25,2701702872/5,False
9,3,1,220,True,True,146.4,254.4,108.0,732/5,1272/5,108,220,146.4,254.4,108.0,732/5,1272/5,108,False
9,3,2,220,True,True,7920.24,13763.04,5842.8,198006/25,344076/25,29214/5,220,7920.24,13763.04,5842.8,198006/25,344076/25,29214/5,False
9,3,3,220,True,True,475214.4,825782.4,350568.0,2376072/5,4128912/5,350568,220,475214.4,825782.4,350568.0,2376072/5,4128912/5,350568,False
9,3,4,220,True,True,31411671.84,54584216.64,23172544.8,785291796/25,1364605416/25,115862724/5,220,31411671.84,54584216.64,23172544.8,785291796/25,1364605416/25,115862724/5,False
9,3,5,220,True,True,2274205041.216,3951897284.736,1677692243.52,284275630152/125,493987160592/125,41942306088/25,220,2274205041.216,3951897284.736,1677692243.52,284275630152/125,493987160592/125,41942306088/25,False
9,4,1,715,True,True,146.4,290.4,144.0,732/5,1452/5,144,512,154.4,290.4,136.0,772/5,1452/5,136,True
9,4,2,715,True,True,9237.84,18324.24,9086.4,230946/25,458106/25,45432/5,512,9742.64,18324.24,8581.6,243566/25,458106/25,42908/5,True
9,4,3,715,True,True,646648.8,1282696.8,636048.0,3233244/5,6413484/5,636048,512,681984.8,1282696.8,600712.0,3409924/5,6413484/5,600712,True
9,4,4,715,True,True,49856622.48,98895923.28,49039300.8,1246415562/25,2472398082/25,245196504/5,512,52581028.08,98895923.28,46314895.2,1314525702/25,2472398082/25,231574476/5,True
9,4,5,715,True,True,4207898937.312,8346815924.832,4138916987.52,525987367164/125,1043351990604/125,103472924688/25,512,4437838769.952,8346815924.832,3908977154.88,554729846244/125,1043351990604/125,97724428872/25,True
9,5,1,2002,True,True,146.4,326.4,180.0,732/5,1632/5,180,512,162.4,326.4,164.0,812/5,1632/5,164,True
9,5,2,2002,True,True,10555.44,23533.44,12978.0,263886/25,588336/25,12978,512,11709.04,23533.44,11824.4,292726/25,588336/25,59122/5,True
9,5,3,2002,True,True,844435.2,1882675.2,1038240.0,4222176/5,9413376/5,1038240,512,936723.2,1882675.2,945952.0,4683616/5,9413376/5,945952,True
9,5,4,2002,True,True,74394741.12,165863685.12,91468944.0,1859868528/25,4146592128/25,91468944,512,82525313.92,165863685.12,83338371.2,2063132848/25,4146592128/25,416691856/5,True
9,5,5,2002,True,True,7171653043.968,15989259245.568,8817606201.6,896456630496/125,1998657405696/125,44088031008/5,512,7955440261.888,15989259245.568,8033818983.68,994430032736/125,1998657405696/125,200845474592/25,True
