body_length,observation_count,cap_degree,unique_permutations,budget,seed,sampled_permutations,sampled_min,sampled_max,sampled_range,sampled_exact_min,sampled_exact_max,sampled_exact_range,true_exhaustive_range,true_exhaustive_exact_range,absolute_error,exact_absolute_error,relative_error,sampled_extrema_matched_exact_extrema,exact_rational_arithmetic_used
5,3,2,56,8,17,8,2177.5,3022.5,845.0,4355/2,6045/2,845,975.0,975,130.0,130,0.133333333333,False,True
5,3,2,56,8,29,8,2275.0,2957.5,682.5,2275,5915/2,1365/2,975.0,975,292.5,585/2,0.3,False,True
5,3,2,56,8,43,8,2405.0,2957.5,552.5,2405,5915/2,1105/2,975.0,975,422.5,845/2,0.433333333333,False,True
5,3,2,56,8,71,8,2275.0,3022.5,747.5,2275,6045/2,1495/2,975.0,975,227.5,455/2,0.233333333333,False,True
5,3,2,56,8,101,8,2275.0,3022.5,747.5,2275,6045/2,1495/2,975.0,975,227.5,455/2,0.233333333333,False,True
5,3,2,56,16,17,16,2177.5,3022.5,845.0,4355/2,6045/2,845,975.0,975,130.0,130,0.133333333333,False,True
5,3,2,56,16,29,16,2275.0,2957.5,682.5,2275,5915/2,1365/2,975.0,975,292.5,585/2,0.3,False,True
5,3,2,56,16,43,16,2340.0,2957.5,617.5,2340,5915/2,1235/2,975.0,975,357.5,715/2,0.366666666667,False,True
5,3,2,56,16,71,16,2275.0,3022.5,747.5,2275,6045/2,1495/2,975.0,975,227.5,455/2,0.233333333333,False,True
5,3,2,56,16,101,16,2275.0,3022.5,747.5,2275,6045/2,1495/2,975.0,975,227.5,455/2,0.233333333333,False,True
5,3,2,56,32,17,32,2177.5,3022.5,845.0,4355/2,6045/2,845,975.0,975,130.0,130,0.133333333333,False,True
5,3,2,56,32,29,32,2047.5,3022.5,975.0,4095/2,6045/2,975,975.0,975,0.0,0,0.0,True,True
5,3,2,56,32,43,32,2275.0,3022.5,747.5,2275,6045/2,1495/2,975.0,975,227.5,455/2,0.233333333333,False,True
5,3,2,56,32,71,32,2047.5,3022.5,975.0,4095/2,6045/2,975,975.0,975,0.0,0,0.0,True,True
5,3,2,56,32,101,32,2275.0,3022.5,747.5,2275,6045/2,1495/2,975.0,975,227.5,455/2,0.233333333333,False,True
5,3,2,56,64,17,56,2047.5,3022.5,975.0,4095/2,6045/2,975,975.0,975,0.0,0,0.0,True,True
5,3,2,56,64,29,56,2047.5,3022.5,975.0,4095/2,6045/2,975,975.0,975,0.0,0,0.0,True,True
5,3,2,56,64,43,56,2047.5,3022.5,975.0,4095/2,6045/2,975,975.0,975,0.0,0,0.0,True,True
5,3,2,56,64,71,56,2047.5,3022.5,975.0,4095/2,6045/2,975,975.0,975,0.0,0,0.0,True,True
5,3,2,56,64,101,56,2047.5,3022.5,975.0,4095/2,6045/2,975,975.0,975,0.0,0,0.0,True,True
5,3,2,56,128,17,56,2047.5,3022.5,975.0,4095/2,6045/2,975,975.0,975,0.0,0,0.0,True,True
5,3,2,56,128,29,56,2047.5,3022.5,975.0,4095/2,6045/2,975,975.0,975,0.0,0,0.0,True,True
5,3,2,56,128,43,56,2047.5,3022.5,975.0,4095/2,6045/2,975,975.0,975,0.0,0,0.0,True,True
5,3,2,56,128,71,56,2047.5,3022.5,975.0,4095/2,6045/2,975,975.0,975,0.0,0,0.0,True,True
5,3,2,56,128,101,56,2047.5,3022.5,975.0,4095/2,6045/2,975,975.0,975,0.0,0,0.0,True,True
5,3,2,56,256,17,56,2047.5,3022.5,975.0,4095/2,6045/2,975,975.0,975,0.0,0,0.0,True,True
5,3,2,56,256,29,56,2047.5,3022.5,975.0,4095/2,6045/2,975,975.0,975,0.0,0,0.0,True,True
5,3,2,56,256,43,56,2047.5,3022.5,975.0,4095/2,6045/2,975,975.0,975,0.0,0,0.0,True,True
5,3,2,56,256,71,56,2047.5,3022.5,975.0,4095/2,6045/2,975,975.0,975,0.0,0,0.0,True,True
5,3,2,56,256,101,56,2047.5,3022.5,975.0,4095/2,6045/2,975,975.0,975,0.0,0,0.0,True,True
5,3,2,56,512,17,56,2047.5,3022.5,975.0,4095/2,6045/2,975,975.0,975,0.0,0,0.0,True,True
5,3,2,56,512,29,56,2047.5,3022.5,975.0,4095/2,6045/2,975,975.0,975,0.0,0,0.0,True,True
5,3,2,56,512,43,56,2047.5,3022.5,975.0,4095/2,6045/2,975,975.0,975,0.0,0,0.0,True,True
5,3,2,56,512,71,56,2047.5,3022.5,975.0,4095/2,6045/2,975,975.0,975,0.0,0,0.0,True,True
5,3,2,56,512,101,56,2047.5,3022.5,975.0,4095/2,6045/2,975,975.0,975,0.0,0,0.0,True,True
5,3,2,56,1024,17,56,2047.5,3022.5,975.0,4095/2,6045/2,975,975.0,975,0.0,0,0.0,True,True
5,3,2,56,1024,29,56,2047.5,3022.5,975.0,4095/2,6045/2,975,975.0,975,0.0,0,0.0,True,True
5,3,2,56,1024,43,56,2047.5,3022.5,975.0,4095/2,6045/2,975,975.0,975,0.0,0,0.0,True,True
5,3,2,56,1024,71,56,2047.5,3022.5,975.0,4095/2,6045/2,975,975.0,975,0.0,0,0.0,True,True
5,3,2,56,1024,101,56,2047.5,3022.5,975.0,4095/2,6045/2,975,975.0,975,0.0,0,0.0,True,True
6,4,3,210,8,17,8,227354.38,290447.94,63093.56,11367719/50,14522397/50,1577339/25,130538.4,652692/5,67444.84,1686121/25,0.516666666667,False,True
6,4,3,210,8,29,8,196895.42,301326.14,104430.72,9844771/50,15066307/50,2610768/25,130538.4,652692/5,26107.68,652692/25,0.2,False,True
6,4,3,210,8,43,8,244759.5,303501.78,58742.28,489519/2,15175089/50,1468557/25,130538.4,652692/5,71796.12,1794903/25,0.55,False,True
6,4,3,210,8,71,8,233881.3,299150.5,65269.2,2338813/10,598301/2,326346/5,130538.4,652692/5,65269.2,326346/5,0.5,False,True
6,4,3,210,8,101,8,240408.22,299150.5,58742.28,12020411/50,598301/2,1468557/25,130538.4,652692/5,71796.12,1794903/25,0.55,False,True
6,4,3,210,16,17,16,186017.22,299150.5,113133.28,9300861/50,598301/2,2828332/25,130538.4,652692/5,17405.12,435128/25,0.133333333333,False,True
6,4,3,210,16,29,16,196895.42,303501.78,106606.36,9844771/50,15175089/50,2665159/25,130538.4,652692/5,23932.04,598301/25,0.183333333333,False,True
6,4,3,210,16,43,16,238232.58,303501.78,65269.2,11911629/50,15175089/50,326346/5,130538.4,652692/5,65269.2,326346/5,0.5,False,True
6,4,3,210,16,71,16,227354.38,299150.5,71796.12,11367719/50,598301/2,1794903/25,130538.4,652692/5,58742.28,1468557/25,0.45,False,True
6,4,3,210,16,101,16,218651.82,305677.42,87025.6,10932591/50,15283871/50,435128/5,130538.4,652692/5,43512.8,217564/5,0.333333333333,False,True
6,4,3,210,32,17,32,175139.02,305677.42,130538.4,8756951/50,15283871/50,652692/5,130538.4,652692/5,0.0,0,0.0,True,True
6,4,3,210,32,29,32,196895.42,303501.78,106606.36,9844771/50,15175089/50,2665159/25,130538.4,652692/5,23932.04,598301/25,0.183333333333,False,True
6,4,3,210,32,43,32,186017.22,305677.42,119660.2,9300861/50,15283871/50,598301/5,130538.4,652692/5,10878.2,54391/5,0.083333333333,False,True
6,4,3,210,32,71,32,201246.7,303501.78,102255.08,2012467/10,15175089/50,2556377/25,130538.4,652692/5,28283.32,707083/25,0.216666666667,False,True
6,4,3,210,32,101,32,218651.82,305677.42,87025.6,10932591/50,15283871/50,435128/5,130538.4,652692/5,43512.8,217564/5,0.333333333333,False,True
6,4,3,210,64,17,64,175139.02,305677.42,130538.4,8756951/50,15283871/50,652692/5,130538.4,652692/5,0.0,0,0.0,True,True
6,4,3,210,64,29,64,196895.42,305677.42,108782.0,9844771/50,15283871/50,108782,130538.4,652692/5,21756.4,108782/5,0.166666666667,False,True
6,4,3,210,64,43,64,186017.22,305677.42,119660.2,9300861/50,15283871/50,598301/5,130538.4,652692/5,10878.2,54391/5,0.083333333333,False,True
6,4,3,210,64,71,64,186017.22,305677.42,119660.2,9300861/50,15283871/50,598301/5,130538.4,652692/5,10878.2,54391/5,0.083333333333,False,True
6,4,3,210,64,101,64,214300.54,305677.42,91376.88,10715027/50,15283871/50,2284422/25,130538.4,652692/5,39161.52,979038/25,0.3,False,True
6,4,3,210,128,17,128,175139.02,305677.42,130538.4,8756951/50,15283871/50,652692/5,130538.4,652692/5,0.0,0,0.0,True,True
6,4,3,210,128,29,128,186017.22,305677.42,119660.2,9300861/50,15283871/50,598301/5,130538.4,652692/5,10878.2,54391/5,0.083333333333,False,True
6,4,3,210,128,43,128,186017.22,305677.42,119660.2,9300861/50,15283871/50,598301/5,130538.4,652692/5,10878.2,54391/5,0.083333333333,False,True
6,4,3,210,128,71,128,175139.02,305677.42,130538.4,8756951/50,15283871/50,652692/5,130538.4,652692/5,0.0,0,0.0,True,True
6,4,3,210,128,101,128,186017.22,305677.42,119660.2,9300861/50,15283871/50,598301/5,130538.4,652692/5,10878.2,54391/5,0.083333333333,False,True
6,4,3,210,256,17,210,175139.02,305677.42,130538.4,8756951/50,15283871/50,652692/5,130538.4,652692/5,0.0,0,0.0,True,True
6,4,3,210,256,29,210,175139.02,305677.42,130538.4,8756951/50,15283871/50,652692/5,130538.4,652692/5,0.0,0,0.0,True,True
6,4,3,210,256,43,210,175139.02,305677.42,130538.4,8756951/50,15283871/50,652692/5,130538.4,652692/5,0.0,0,0.0,True,True
6,4,3,210,256,71,210,175139.02,305677.42,130538.4,8756951/50,15283871/50,652692/5,130538.4,652692/5,0.0,0,0.0,True,True
6,4,3,210,256,101,210,175139.02,305677.42,130538.4,8756951/50,15283871/50,652692/5,130538.4,652692/5,0.0,0,0.0,True,True
6,4,3,210,512,17,210,175139.02,305677.42,130538.4,8756951/50,15283871/50,652692/5,130538.4,652692/5,0.0,0,0.0,True,True
6,4,3,210,512,29,210,175139.02,305677.42,130538.4,8756951/50,15283871/50,652692/5,130538.4,652692/5,0.0,0,0.0,True,True
6,4,3,210,512,43,210,175139.02,305677.42,130538.4,8756951/50,15283871/50,652692/5,130538.4,652692/5,0.0,0,0.0,True,True
6,4,3,210,512,71,210,175139.02,305677.42,130538.4,8756951/50,15283871/50,652692/5,130538.4,652692/5,0.0,0,0.0,True,True
6,4,3,210,512,101,210,175139.02,305677.42,130538.4,8756951/50,15283871/50,652692/5,130538.4,652692/5,0.0,0,0.0,True,True
6,4,3,210,1024,17,210,175139.02,305677.42,130538.4,8756951/50,15283871/50,652692/5,130538.4,652692/5,0.0,0,0.0,True,True
6,4,3,210,1024,29,210,175139.02,305677.42,130538.4,8756951/50,15283871/50,652692/5,130538.4,652692/5,0.0,0,0.0,True,True
6,4,3,210,1024,43,210,175139.02,305677.42,130538.4,8756951/50,15283871/50,652692/5,130538.4,652692/5,0.0,0,0.0,True,True
6,4,3,210,1024,71,210,175139.02,305677.42,130538.4,8756951/50,15283871/50,652692/5,130538.4,652692/5,0.0,0,0.0,True,True
6,4,3,210,1024,101,210,175139.02,305677.42,130538.4,8756951/50,15283871/50,652692/5,130538.4,652692/5,0.0,0,0.0,True,True
8,4,4,495,8,17,8,40855483.2,55802611.2,14947128.0,204277416/5,279013056/5,14947128,27901305.6,139506528/5,12954177.6,64770888/5,0.464285714286,False,True
8,4,4,495,8,29,8,42848433.6,56300848.8,13452415.2,214242168/5,281504244/5,67262076/5,27901305.6,139506528/5,14448890.4,72244452/5,0.517857142857,False,True
8,4,4,495,8,43,8,44343146.4,57297324.0,12954177.6,221715732/5,57297324,64770888/5,27901305.6,139506528/5,14947128.0,14947128,0.535714285714,False,True
8,4,4,495,8,71,8,44592265.2,58044680.4,13452415.2,222961326/5,290223402/5,67262076/5,27901305.6,139506528/5,14448890.4,72244452/5,0.517857142857,False,True
8,4,4,495,8,101,8,44592265.2,58044680.4,13452415.2,222961326/5,290223402/5,67262076/5,27901305.6,139506528/5,14448890.4,72244452/5,0.517857142857,False,True
8,4,4,495,16,17,16,39111651.6,57795561.6,18683910.0,195558258/5,288977808/5,18683910,27901305.6,139506528/5,9217395.6,46086978/5,0.330357142857,False,True
8,4,4,495,16,29,16,37367820.0,56300848.8,18933028.8,37367820,281504244/5,94665144/5,27901305.6,139506528/5,8968276.8,44841384/5,0.321428571429,False,True
8,4,4,495,16,43,16,40606364.4,58293799.2,17687434.8,203031822/5,291468996/5,88437174/5,27901305.6,139506528/5,10213870.8,51069354/5,0.366071428571,False,True
8,4,4,495,16,71,16,40108126.8,58044680.4,17936553.6,200540634/5,290223402/5,89682768/5,27901305.6,139506528/5,9964752.0,9964752,0.357142857143,False,True
8,4,4,495,16,101,16,39111651.6,58044680.4,18933028.8,195558258/5,290223402/5,94665144/5,27901305.6,139506528/5,8968276.8,44841384/5,0.321428571429,False,True
8,4,4,495,32,17,32,36620463.6,57795561.6,21175098.0,183102318/5,288977808/5,21175098,27901305.6,139506528/5,6726207.6,33631038/5,0.241071428571,False,True
8,4,4,495,32,29,32,37367820.0,57546442.8,20178622.8,37367820,287732214/5,100893114/5,27901305.6,139506528/5,7722682.8,38613414/5,0.276785714286,False,True
8,4,4,495,32,43,32,35623988.4,58293799.2,22669810.8,178119942/5,291468996/5,113349054/5,27901305.6,139506528/5,5231494.8,26157474/5,0.1875,False,True
8,4,4,495,32,71,32,37367820.0,58044680.4,20676860.4,37367820,290223402/5,103384302/5,27901305.6,139506528/5,7224445.2,36122226/5,0.258928571429,False,True
8,4,4,495,32,101,32,38364295.2,58293799.2,19929504.0,191821476/5,291468996/5,19929504,27901305.6,139506528/5,7971801.6,39859008/5,0.285714285714,False,True
8,4,4,495,64,17,64,32136325.2,58293799.2,26157474.0,160681626/5,291468996/5,26157474,27901305.6,139506528/5,1743831.6,8719158/5,0.0625,False,True
8,4,4,495,64,29,64,33631038.0,57546442.8,23915404.8,33631038,287732214/5,119577024/5,27901305.6,139506528/5,3985900.8,19929504/5,0.142857142857,False,True
8,4,4,495,64,43,64,34876632.0,58293799.2,23417167.2,34876632,291468996/5,117085836/5,27901305.6,139506528/5,4484138.4,22420692/5,0.160714285714,False,True
8,4,4,495,64,71,64,33631038.0,58044680.4,24413642.4,33631038,290223402/5,122068212/5,27901305.6,139506528/5,3487663.2,17438316/5,0.125,False,True
8,4,4,495,64,101,64,38364295.2,58293799.2,19929504.0,191821476/5,291468996/5,19929504,27901305.6,139506528/5,7971801.6,39859008/5,0.285714285714,False,True
8,4,4,495,128,17,128,32136325.2,58293799.2,26157474.0,160681626/5,291468996/5,26157474,27901305.6,139506528/5,1743831.6,8719158/5,0.0625,False,True
8,4,4,495,128,29,128,32136325.2,58293799.2,26157474.0,160681626/5,291468996/5,26157474,27901305.6,139506528/5,1743831.6,8719158/5,0.0625,False,True
8,4,4,495,128,43,128,34876632.0,58293799.2,23417167.2,34876632,291468996/5,117085836/5,27901305.6,139506528/5,4484138.4,22420692/5,0.160714285714,False,True
8,4,4,495,128,71,128,33631038.0,58044680.4,24413642.4,33631038,290223402/5,122068212/5,27901305.6,139506528/5,3487663.2,17438316/5,0.125,False,True
8,4,4,495,128,101,128,30392493.6,58293799.2,27901305.6,151962468/5,291468996/5,139506528/5,27901305.6,139506528/5,0.0,0,0.0,True,True
8,4,4,495,256,17,256,32136325.2,58293799.2,26157474.0,160681626/5,291468996/5,26157474,27901305.6,139506528/5,1743831.6,8719158/5,0.0625,False,True
8,4,4,495,256,29,256,32136325.2,58293799.2,26157474.0,160681626/5,291468996/5,26157474,27901305.6,139506528/5,1743831.6,8719158/5,0.0625,False,True
8,4,4,495,256,43,256,30392493.6,58293799.2,27901305.6,151962468/5,291468996/5,139506528/5,27901305.6,139506528/5,0.0,0,0.0,True,True
8,4,4,495,256,71,256,33631038.0,58044680.4,24413642.4,33631038,290223402/5,122068212/5,27901305.6,139506528/5,3487663.2,17438316/5,0.125,False,True
8,4,4,495,256,101,256,30392493.6,58293799.2,27901305.6,151962468/5,291468996/5,139506528/5,27901305.6,139506528/5,0.0,0,0.0,True,True
8,4,4,495,512,17,495,30392493.6,58293799.2,27901305.6,151962468/5,291468996/5,139506528/5,27901305.6,139506528/5,0.0,0,0.0,True,True
8,4,4,495,512,29,495,30392493.6,58293799.2,27901305.6,151962468/5,291468996/5,139506528/5,27901305.6,139506528/5,0.0,0,0.0,True,True
8,4,4,495,512,43,495,30392493.6,58293799.2,27901305.6,151962468/5,291468996/5,139506528/5,27901305.6,139506528/5,0.0,0,0.0,True,True
8,4,4,495,512,71,495,30392493.6,58293799.2,27901305.6,151962468/5,291468996/5,139506528/5,27901305.6,139506528/5,0.0,0,0.0,True,True
8,4,4,495,512,101,495,30392493.6,58293799.2,27901305.6,151962468/5,291468996/5,139506528/5,27901305.6,139506528/5,0.0,0,0.0,True,True
8,4,4,495,1024,17,495,30392493.6,58293799.2,27901305.6,151962468/5,291468996/5,139506528/5,27901305.6,139506528/5,0.0,0,0.0,True,True
8,4,4,495,1024,29,495,30392493.6,58293799.2,27901305.6,151962468/5,291468996/5,139506528/5,27901305.6,139506528/5,0.0,0,0.0,True,True
8,4,4,495,1024,43,495,30392493.6,58293799.2,27901305.6,151962468/5,291468996/5,139506528/5,27901305.6,139506528/5,0.0,0,0.0,True,True
8,4,4,495,1024,71,495,30392493.6,58293799.2,27901305.6,151962468/5,291468996/5,139506528/5,27901305.6,139506528/5,0.0,0,0.0,True,True
8,4,4,495,1024,101,495,30392493.6,58293799.2,27901305.6,151962468/5,291468996/5,139506528/5,27901305.6,139506528/5,0.0,0,0.0,True,True
9,5,5,2002,8,17,8,10992615731.328,15107498625.408,4114882894.08,1374076966416/125,1888437328176/125,102872072352/25,8817606201.6,44088031008/5,4702723307.52,117568082688/25,0.533333333333,False,True
9,5,5,2002,8,29,8,12217283259.328,15107498625.408,2890215366.08,1527160407416/125,1888437328176/125,72255384152/25,8817606201.6,44088031008/5,5927390835.52,148184770888/25,0.672222222222,False,True
9,5,5,2002,8,43,8,9327067893.248,14911551820.928,5584483927.68,1165883486656/125,1863943977616/125,139612098192/25,8817606201.6,44088031008/5,3233122273.92,80828056848/25,0.366666666667,False,True
9,5,5,2002,8,71,8,10012881708.928,14813578418.688,4800696709.76,1251610213616/125,1851697302336/125,120017417744/25,8817606201.6,44088031008/5,4016909491.84,100422737296/25,0.455555555556,False,True
9,5,5,2002,8,101,8,11090589133.568,15793312441.088,4702723307.52,1386323641696/125,1974164055136/125,117568082688/25,8817606201.6,44088031008/5,4114882894.08,102872072352/25,0.466666666667,False,True
9,5,5,2002,16,17,16,10992615731.328,15107498625.408,4114882894.08,1374076966416/125,1888437328176/125,102872072352/25,8817606201.6,44088031008/5,4702723307.52,117568082688/25,0.533333333333,False,True
9,5,5,2002,16,29,16,11972349753.728,15107498625.408,3135148871.68,1496543719216/125,1888437328176/125,78378721792/25,8817606201.6,44088031008/5,5682457329.92,142061433248/25,0.644444444444,False,True
9,5,5,2002,16,43,16,9327067893.248,15156485326.528,5829417433.28,1165883486656/125,1894560665816/125,145735435832/25,8817606201.6,44088031008/5,2988188768.32,74704719208/25,0.338888888889,False,True
9,5,5,2002,16,71,16,9425041295.488,14813578418.688,5388537123.2,1178130161936/125,1851697302336/125,26942685616/5,8817606201.6,44088031008/5,3429069078.4,17145345392/5,0.388888888889,False,True
9,5,5,2002,16,101,16,10502748720.128,15940272544.448,5437523824.32,1312843590016/125,1992534068056/125,135938095608/25,8817606201.6,44088031008/5,3380082377.28,84502059432/25,0.383333333333,False,True
9,5,5,2002,32,17,32,10649708823.488,15989259245.568,5339550422.08,1331213602936/125,1998657405696/125,133488760552/25,8817606201.6,44088031008/5,3478055779.52,86951394488/25,0.394444444444,False,True
9,5,5,2002,32,29,32,8935174284.288,15107498625.408,6172324341.12,1116896785536/125,1888437328176/125,154308108528/25,8817606201.6,44088031008/5,2645281860.48,66132046512/25,0.3,False,True
9,5,5,2002,32,43,32,9327067893.248,15793312441.088,6466244547.84,1165883486656/125,1974164055136/125,161656113696/25,8817606201.6,44088031008/5,2351361653.76,58784041344/25,0.266666666667,False,True
9,5,5,2002,32,71,32,8935174284.288,15548378935.488,6613204651.2,1116896785536/125,1943547366936/125,33066023256/5,8817606201.6,44088031008/5,2204401550.4,11022007752/5,0.25,False,True
9,5,5,2002,32,101,32,8298347169.728,15940272544.448,7641925374.72,1037293396216/125,1992534068056/125,191048134368/25,8817606201.6,44088031008/5,1175680826.88,29392020672/25,0.133333333333,False,True
9,5,5,2002,64,17,64,9180107789.888,15989259245.568,6809151455.68,1147513473736/125,1998657405696/125,170228786392/25,8817606201.6,44088031008/5,2008454745.92,50211368648/25,0.227777777778,False,True
9,5,5,2002,64,29,64,8788214180.928,15254458728.768,6466244547.84,1098526772616/125,1906807341096/125,161656113696/25,8817606201.6,44088031008/5,2351361653.76,58784041344/25,0.266666666667,False,True
9,5,5,2002,64,43,64,9327067893.248,15793312441.088,6466244547.84,1165883486656/125,1974164055136/125,161656113696/25,8817606201.6,44088031008/5,2351361653.76,58784041344/25,0.266666666667,False,True
9,5,5,2002,64,71,64,8935174284.288,15891285843.328,6956111559.04,1116896785536/125,1986410730416/125,173902788976/25,8817606201.6,44088031008/5,1861494642.56,46537366064/25,0.211111111111,False,True
9,5,5,2002,64,101,64,8298347169.728,15989259245.568,7690912075.84,1037293396216/125,1998657405696/125,192272801896/25,8817606201.6,44088031008/5,1126694125.76,28167353144/25,0.127777777778,False,True
9,5,5,2002,128,17,128,9180107789.888,15989259245.568,6809151455.68,1147513473736/125,1998657405696/125,170228786392/25,8817606201.6,44088031008/5,2008454745.92,50211368648/25,0.227777777778,False,True
9,5,5,2002,128,29,128,8788214180.928,15793312441.088,7005098260.16,1098526772616/125,1974164055136/125,175127456504/25,8817606201.6,44088031008/5,1812507941.44,45312698536/25,0.205555555556,False,True
9,5,5,2002,128,43,128,9327067893.248,15793312441.088,6466244547.84,1165883486656/125,1974164055136/125,161656113696/25,8817606201.6,44088031008/5,2351361653.76,58784041344/25,0.266666666667,False,True
9,5,5,2002,128,71,128,8935174284.288,15891285843.328,6956111559.04,1116896785536/125,1986410730416/125,173902788976/25,8817606201.6,44088031008/5,1861494642.56,46537366064/25,0.211111111111,False,True
9,5,5,2002,128,101,128,8298347169.728,15989259245.568,7690912075.84,1037293396216/125,1998657405696/125,192272801896/25,8817606201.6,44088031008/5,1126694125.76,28167353144/25,0.127777777778,False,True
9,5,5,2002,256,17,256,7171653043.968,15989259245.568,8817606201.6,896456630496/125,1998657405696/125,44088031008/5,8817606201.6,44088031008/5,0.0,0,0.0,True,True
9,5,5,2002,256,29,256,8739227479.808,15891285843.328,7152058363.52,1092403434976/125,1986410730416/125,178801459088/25,8817606201.6,44088031008/5,1665547838.08,41638695952/25,0.188888888889,False,True
9,5,5,2002,256,43,256,7906453560.768,15940272544.448,8033818983.68,988306695096/125,1992534068056/125,200845474592/25,8817606201.6,44088031008/5,783787217.92,19594680448/25,0.088888888889,False,True
9,5,5,2002,256,71,256,8788214180.928,15891285843.328,7103071662.4,1098526772616/125,1986410730416/125,35515358312/5,8817606201.6,44088031008/5,1714534539.2,8572672696/5,0.194444444444,False,True
9,5,5,2002,256,101,256,8298347169.728,15989259245.568,7690912075.84,1037293396216/125,1998657405696/125,192272801896/25,8817606201.6,44088031008/5,1126694125.76,28167353144/25,0.127777777778,False,True
9,5,5,2002,512,17,512,7171653043.968,15989259245.568,8817606201.6,896456630496/125,1998657405696/125,44088031008/5,8817606201.6,44088031008/5,0.0,0,0.0,True,True
9,5,5,2002,512,29,512,8298347169.728,15891285843.328,7592938673.6,1037293396216/125,1986410730416/125,37964693368/5,8817606201.6,44088031008/5,1224667528.0,1224667528,0.138888888889,False,True
9,5,5,2002,512,43,512,7906453560.768,15940272544.448,8033818983.68,988306695096/125,1992534068056/125,200845474592/25,8817606201.6,44088031008/5,783787217.92,19594680448/25,0.088888888889,False,True
9,5,5,2002,512,71,512,7563546652.928,15989259245.568,8425712592.64,945443331616/125,1998657405696/125,210642814816/25,8817606201.6,44088031008/5,391893608.96,9797340224/25,0.044444444444,False,True
9,5,5,2002,512,101,512,8298347169.728,15989259245.568,7690912075.84,1037293396216/125,1998657405696/125,192272801896/25,8817606201.6,44088031008/5,1126694125.76,28167353144/25,0.127777777778,False,True
9,5,5,2002,1024,17,1024,7171653043.968,15989259245.568,8817606201.6,896456630496/125,1998657405696/125,44088031008/5,8817606201.6,44088031008/5,0.0,0,0.0,True,True
9,5,5,2002,1024,29,1024,7171653043.968,15989259245.568,8817606201.6,896456630496/125,1998657405696/125,44088031008/5,8817606201.6,44088031008/5,0.0,0,0.0,True,True
9,5,5,2002,1024,43,1024,7563546652.928,15989259245.568,8425712592.64,945443331616/125,1998657405696/125,210642814816/25,8817606201.6,44088031008/5,391893608.96,9797340224/25,0.044444444444,False,True
9,5,5,2002,1024,71,1024,7563546652.928,15989259245.568,8425712592.64,945443331616/125,1998657405696/125,210642814816/25,8817606201.6,44088031008/5,391893608.96,9797340224/25,0.044444444444,False,True
9,5,5,2002,1024,101,1024,8298347169.728,15989259245.568,7690912075.84,1037293396216/125,1998657405696/125,192272801896/25,8817606201.6,44088031008/5,1126694125.76,28167353144/25,0.127777777778,False,True
