sweep_rank,package,version,class_name,file_path,selected_score,attempted_runnable_harness,classification,reproduced,output_diff,branch_flip,state_diff,operation_A,operation_B,result_A_summary,result_B_summary,failure_reason,notes,harness_path,json_output_path
1,markdown,3.10.2,Markdown,markdown-3.10.2\markdown\core.py,12,True,structural_only_no_runtime_difference,False,False,False,False,build_parser() once on fresh instance,build_parser() once first; then build_parser() again,"{""after"": {""ESCAPED_CHARS"": ""['\\\\', '`', '*', '_', '{', '}', '[', ']', '(', ')', '>', '#', '+', '-', '.', '!']"", ""block_level_elements"": ""['address', 'article', 'aside', 'blockquote', 'details', 'div', 'dl', 'fieldset', 'figcaption', 'figure', 'footer', 'form', 'h1', 'h2', 'h3', 'h4', 'h5', 'h6...","{""after"": {""ESCAPED_CHARS"": ""['\\\\', '`', '*', '_', '{', '}', '[', ']', '(', ')', '>', '#', '+', '-', '.', '!']"", ""block_level_elements"": ""['address', 'article', 'aside', 'blockquote', 'details', 'div', 'dl', 'fieldset', 'figcaption', 'figure', 'footer', 'form', 'h1', 'h2', 'h3', 'h4', 'h5', 'h6...",,generic safe repeated-operation harness; confirmation depends on no-arg construction and no-arg operation,<repo>\paper_artifacts\scp_behavioral_sweep\harnesses\case_01_markdown_Markdown.py,<repo>\paper_artifacts\scp_behavioral_sweep\outputs\case_01_markdown_Markdown.json
2,more-itertools,11.0.2,seekable,more_itertools-11.0.2\more_itertools\more.py,12,True,could_not_construct,False,False,False,False,,,{},{},constructor requires arguments: iterable,generic harness did not execute candidate behavior,<repo>\paper_artifacts\scp_behavioral_sweep\harnesses\case_02_more_itertools_seekable.py,<repo>\paper_artifacts\scp_behavioral_sweep\outputs\case_02_more_itertools_seekable.json
3,pygments,2.20.0,EscapeSequence,pygments-2.20.0\pygments\formatters\terminal256.py,12,True,structural_only_no_runtime_difference,False,False,False,False,color_string() once on fresh instance,color_string() once first; then color_string() again,"{""after"": {""bg"": ""None"", ""bold"": ""False"", ""fg"": ""None"", ""italic"": ""False"", ""underline"": ""False""}, ""before"": {""bg"": ""None"", ""bold"": ""False"", ""fg"": ""None"", ""italic"": ""False"", ""underline"": ""False""}, ""result"": {""kind"": ""value"", ""value"": ""''""}}","{""after"": {""bg"": ""None"", ""bold"": ""False"", ""fg"": ""None"", ""italic"": ""False"", ""underline"": ""False""}, ""after_observation"": {""bg"": ""None"", ""bold"": ""False"", ""fg"": ""None"", ""italic"": ""False"", ""underline"": ""False""}, ""before"": {""bg"": ""None"", ""bold"": ""False"", ""fg"": ""None"", ""italic"": ""False"", ""underline"": ""F...",,generic safe repeated-operation harness; confirmation depends on no-arg construction and no-arg operation,<repo>\paper_artifacts\scp_behavioral_sweep\harnesses\case_03_pygments_EscapeSequence.py,<repo>\paper_artifacts\scp_behavioral_sweep\outputs\case_03_pygments_EscapeSequence.json
4,docutils,0.22.4,Transformer,docutils-0.22.4\docutils\transforms\__init__.py,11,True,could_not_construct,False,False,False,False,,,{},{},constructor requires arguments: document,generic harness did not execute candidate behavior,<repo>\paper_artifacts\scp_behavioral_sweep\harnesses\case_04_docutils_Transformer.py,<repo>\paper_artifacts\scp_behavioral_sweep\outputs\case_04_docutils_Transformer.json
5,soupsieve,2.8.3,CSSMatch,soupsieve-2.8.3\soupsieve\css_match.py,11,True,import_failed,False,False,False,False,,,{},{},import_failed: ModuleNotFoundError: No module named 'bs4',generic harness did not execute candidate behavior,<repo>\paper_artifacts\scp_behavioral_sweep\harnesses\case_05_soupsieve_CSSMatch.py,<repo>\paper_artifacts\scp_behavioral_sweep\outputs\case_05_soupsieve_CSSMatch.json
6,anyio,4.13.0,CancelScope,anyio-4.13.0\src\anyio\_backends\_asyncio.py,10,True,structural_only_no_runtime_difference,False,False,False,False,__enter__() once on fresh instance,__enter__() once first; then __enter__() again,"{""after"": {""_active"": ""False"", ""_cancel_called"": ""False"", ""_cancel_handle"": ""None"", ""_cancel_reason"": ""None"", ""_cancelled_caught"": ""False"", ""_child_scopes"": ""set()"", ""_deadline"": ""inf"", ""_host_task"": ""None"", ""_parent_scope"": ""None"", ""_pending_uncancellations"": ""0"", ""_shield"": ""False"", ""_tasks"": ""...","{""after"": {""_active"": ""False"", ""_cancel_called"": ""False"", ""_cancel_handle"": ""None"", ""_cancel_reason"": ""None"", ""_cancelled_caught"": ""False"", ""_child_scopes"": ""set()"", ""_deadline"": ""inf"", ""_host_task"": ""None"", ""_parent_scope"": ""None"", ""_pending_uncancellations"": ""0"", ""_shield"": ""False"", ""_tasks"": ""...",,generic safe repeated-operation harness; confirmation depends on no-arg construction and no-arg operation,<repo>\paper_artifacts\scp_behavioral_sweep\harnesses\case_06_anyio_CancelScope.py,<repo>\paper_artifacts\scp_behavioral_sweep\outputs\case_06_anyio_CancelScope.json
7,anyio,4.13.0,Runner,anyio-4.13.0\src\anyio\_backends\_asyncio.py,10,True,structural_only_no_runtime_difference,False,False,False,False,run() once on fresh instance,run() once first; then run() again,"{""after"": {""_context"": ""None"", ""_debug"": ""None"", ""_interrupt_count"": ""0"", ""_loop"": ""None"", ""_loop_factory"": ""None"", ""_set_event_loop"": ""False"", ""_state"": ""<_State.CREATED: 'created'>""}, ""before"": {""_context"": ""None"", ""_debug"": ""None"", ""_interrupt_count"": ""0"", ""_loop"": ""None"", ""_loop_factory"": ""No...","{""after"": {""_context"": ""None"", ""_debug"": ""None"", ""_interrupt_count"": ""0"", ""_loop"": ""None"", ""_loop_factory"": ""None"", ""_set_event_loop"": ""False"", ""_state"": ""<_State.CREATED: 'created'>""}, ""after_observation"": {""_context"": ""None"", ""_debug"": ""None"", ""_interrupt_count"": ""0"", ""_loop"": ""None"", ""_loop_fa...",,generic safe repeated-operation harness; confirmation depends on no-arg construction and no-arg operation,<repo>\paper_artifacts\scp_behavioral_sweep\harnesses\case_07_anyio_Runner.py,<repo>\paper_artifacts\scp_behavioral_sweep\outputs\case_07_anyio_Runner.json
8,anyio,4.13.0,ContextManagerMixin,anyio-4.13.0\src\anyio\_core\_contextmanagers.py,10,True,structural_only_no_runtime_difference,False,False,False,False,__enter__() once on fresh instance,__enter__() once first; then __enter__() again,"{""after"": {}, ""before"": {}, ""result"": {""kind"": ""exception"", ""message"": ""__contextmanager__() did not return a context manager object, but <class 'NoneType'>"", ""type"": ""TypeError""}}","{""after"": {}, ""after_observation"": {}, ""before"": {}, ""observation_result"": {""kind"": ""exception"", ""message"": ""__contextmanager__() did not return a context manager object, but <class 'NoneType'>"", ""type"": ""TypeError""}, ""result"": {""kind"": ""exception"", ""message"": ""__contextmanager__() did not return...",,generic safe repeated-operation harness; confirmation depends on no-arg construction and no-arg operation,<repo>\paper_artifacts\scp_behavioral_sweep\harnesses\case_08_anyio_ContextManagerMixin.py,<repo>\paper_artifacts\scp_behavioral_sweep\outputs\case_08_anyio_ContextManagerMixin.json
9,anyio,4.13.0,BlockingPortalProvider,anyio-4.13.0\src\anyio\from_thread.py,10,True,confirmed_state_divergence_only,True,False,False,True,__enter__() once on fresh instance,__enter__() once first; then __enter__() again,"{""after"": {""_leases"": ""1"", ""_lock"": ""<unlocked _thread.lock object at 0xADDR>"", ""_portal"": ""<anyio.from_thread.BlockingPortal object at 0xADDR>"", ""_portal_cm"": ""<contextlib._GeneratorContextManager object at 0xADDR>"", ""backend"": ""'asyncio'"", ""backend_options"": ""None""}, ""before"": {""_lock"": ""<unloc...","{""after"": {""_leases"": ""2"", ""_lock"": ""<unlocked _thread.lock object at 0xADDR>"", ""_portal"": ""<anyio.from_thread.BlockingPortal object at 0xADDR>"", ""_portal_cm"": ""<contextlib._GeneratorContextManager object at 0xADDR>"", ""backend"": ""'asyncio'"", ""backend_options"": ""None""}, ""after_observation"": {""_lea...",,generic safe repeated-operation harness; confirmation depends on no-arg construction and no-arg operation,<repo>\paper_artifacts\scp_behavioral_sweep\harnesses\case_09_anyio_BlockingPortalProvider.py,<repo>\paper_artifacts\scp_behavioral_sweep\outputs\case_09_anyio_BlockingPortalProvider.json
10,beautifulsoup4,4.14.3,HTML5TreeBuilder,beautifulsoup4-4.14.3\bs4\builder\_html5lib.py,10,True,import_failed,False,False,False,False,,,{},{},import_failed: ModuleNotFoundError: No module named 'html5lib',generic harness did not execute candidate behavior,<repo>\paper_artifacts\scp_behavioral_sweep\harnesses\case_10_beautifulsoup4_HTML5TreeBuilder.py,<repo>\paper_artifacts\scp_behavioral_sweep\outputs\case_10_beautifulsoup4_HTML5TreeBuilder.json
11,beautifulsoup4,4.14.3,PageElement,beautifulsoup4-4.14.3\bs4\element.py,10,True,structural_only_no_runtime_difference,False,False,False,False,extract() once on fresh instance,extract() once first; then extract() again,"{""after"": {}, ""before"": {}, ""result"": {""kind"": ""exception"", ""message"": ""'PageElement' object has no attribute 'parent'"", ""type"": ""AttributeError""}}","{""after"": {}, ""after_observation"": {}, ""before"": {}, ""observation_result"": {""kind"": ""exception"", ""message"": ""'PageElement' object has no attribute 'parent'"", ""type"": ""AttributeError""}, ""result"": {""kind"": ""exception"", ""message"": ""'PageElement' object has no attribute 'parent'"", ""type"": ""AttributeE...",,generic safe repeated-operation harness; confirmation depends on no-arg construction and no-arg operation,<repo>\paper_artifacts\scp_behavioral_sweep\harnesses\case_11_beautifulsoup4_PageElement.py,<repo>\paper_artifacts\scp_behavioral_sweep\outputs\case_11_beautifulsoup4_PageElement.json
12,boltons,25.0.0,LRI,boltons-25.0.0\boltons\cacheutils.py,10,True,structural_only_no_runtime_difference,False,False,False,False,_set_key_and_evict_last_in_ll() once on fresh instance,_set_key_and_evict_last_in_ll() once first; then _set_key_and_evict_last_in_ll() again,"{""after"": {""_anchor"": ""[[...], [...], _MISSING, _MISSING]"", ""_link_lookup"": ""{}"", ""_lock"": ""<unlocked _thread.RLock object owner=0 count=0 at 0xADDR>"", ""hit_count"": ""0"", ""max_size"": ""128"", ""miss_count"": ""0"", ""on_miss"": ""None"", ""soft_miss_count"": ""0""}, ""before"": {""_anchor"": ""[[...], [...], _MISSIN...","{""after"": {""_anchor"": ""[[...], [...], _MISSING, _MISSING]"", ""_link_lookup"": ""{}"", ""_lock"": ""<unlocked _thread.RLock object owner=0 count=0 at 0xADDR>"", ""hit_count"": ""0"", ""max_size"": ""128"", ""miss_count"": ""0"", ""on_miss"": ""None"", ""soft_miss_count"": ""0""}, ""after_observation"": {""_anchor"": ""[[...], [.....",,generic safe repeated-operation harness; confirmation depends on no-arg construction and no-arg operation,<repo>\paper_artifacts\scp_behavioral_sweep\harnesses\case_12_boltons_LRI.py,<repo>\paper_artifacts\scp_behavioral_sweep\outputs\case_12_boltons_LRI.json
13,boltons,25.0.0,LRU,boltons-25.0.0\boltons\cacheutils.py,10,True,structural_only_no_runtime_difference,False,False,False,False,__getitem__() once on fresh instance,__getitem__() once first; then __getitem__() again,"{""after"": {""_anchor"": ""[[...], [...], _MISSING, _MISSING]"", ""_link_lookup"": ""{}"", ""_lock"": ""<unlocked _thread.RLock object owner=0 count=0 at 0xADDR>"", ""hit_count"": ""0"", ""max_size"": ""128"", ""miss_count"": ""0"", ""on_miss"": ""None"", ""soft_miss_count"": ""0""}, ""before"": {""_anchor"": ""[[...], [...], _MISSIN...","{""after"": {""_anchor"": ""[[...], [...], _MISSING, _MISSING]"", ""_link_lookup"": ""{}"", ""_lock"": ""<unlocked _thread.RLock object owner=0 count=0 at 0xADDR>"", ""hit_count"": ""0"", ""max_size"": ""128"", ""miss_count"": ""0"", ""on_miss"": ""None"", ""soft_miss_count"": ""0""}, ""after_observation"": {""_anchor"": ""[[...], [.....",,generic safe repeated-operation harness; confirmation depends on no-arg construction and no-arg operation,<repo>\paper_artifacts\scp_behavioral_sweep\harnesses\case_13_boltons_LRU.py,<repo>\paper_artifacts\scp_behavioral_sweep\outputs\case_13_boltons_LRU.json
14,boltons,25.0.0,MultiFileReader,boltons-25.0.0\boltons\ioutils.py,10,True,structural_only_no_runtime_difference,False,False,False,False,read() once on fresh instance,read() once first; then read() again,"{""after"": {""_fileobjs"": ""()"", ""_index"": ""0"", ""_joiner"": ""''""}, ""before"": {""_fileobjs"": ""()"", ""_index"": ""0"", ""_joiner"": ""''""}, ""result"": {""kind"": ""value"", ""value"": ""''""}}","{""after"": {""_fileobjs"": ""()"", ""_index"": ""0"", ""_joiner"": ""''""}, ""after_observation"": {""_fileobjs"": ""()"", ""_index"": ""0"", ""_joiner"": ""''""}, ""before"": {""_fileobjs"": ""()"", ""_index"": ""0"", ""_joiner"": ""''""}, ""observation_result"": {""kind"": ""value"", ""value"": ""''""}, ""result"": {""kind"": ""value"", ""value"": ""''""}}",,generic safe repeated-operation harness; confirmation depends on no-arg construction and no-arg operation,<repo>\paper_artifacts\scp_behavioral_sweep\harnesses\case_14_boltons_MultiFileReader.py,<repo>\paper_artifacts\scp_behavioral_sweep\outputs\case_14_boltons_MultiFileReader.json
15,boltons,25.0.0,SpooledStringIO,boltons-25.0.0\boltons\ioutils.py,10,True,confirmed_state_divergence_only,True,False,False,True,read() once on fresh instance,read() once first; then read() again,"{""after"": {""_buffer"": ""<codecs.StreamRecoder object at 0xADDR>"", ""_dir"": ""None"", ""_max_size"": ""5000000"", ""_tell"": ""0""}, ""before"": {""_dir"": ""None"", ""_max_size"": ""5000000"", ""_tell"": ""0""}, ""result"": {""kind"": ""value"", ""value"": ""''""}}","{""after"": {""_buffer"": ""<codecs.StreamRecoder object at 0xADDR>"", ""_dir"": ""None"", ""_max_size"": ""5000000"", ""_tell"": ""0""}, ""after_observation"": {""_buffer"": ""<codecs.StreamRecoder object at 0xADDR>"", ""_dir"": ""None"", ""_max_size"": ""5000000"", ""_tell"": ""0""}, ""before"": {""_dir"": ""None"", ""_max_size"": ""50000...",,generic safe repeated-operation harness; confirmation depends on no-arg construction and no-arg operation,<repo>\paper_artifacts\scp_behavioral_sweep\harnesses\case_15_boltons_SpooledStringIO.py,<repo>\paper_artifacts\scp_behavioral_sweep\outputs\case_15_boltons_SpooledStringIO.json
16,cerberus,1.3.8,BareValidator,cerberus-1.3.8\cerberus\validator.py,10,True,structural_only_no_runtime_difference,False,False,False,False,__normalize_mapping() once on fresh instance,__normalize_mapping() once first; then __normalize_mapping() again,"{""after"": {""_config"": ""{'allow_unknown': False, 'require_all': False}"", ""_errors"": ""[]"", ""_remaining_rules"": ""[]"", ""_schema"": ""None"", ""document"": ""None"", ""document_error_tree"": ""[],{}"", ""document_path"": ""()"", ""error_handler"": ""<cerberus.errors.BasicErrorHandler object at 0xADDR>"", ""recent_error"":...","{""after"": {""_config"": ""{'allow_unknown': False, 'require_all': False}"", ""_errors"": ""[]"", ""_remaining_rules"": ""[]"", ""_schema"": ""None"", ""document"": ""None"", ""document_error_tree"": ""[],{}"", ""document_path"": ""()"", ""error_handler"": ""<cerberus.errors.BasicErrorHandler object at 0xADDR>"", ""recent_error"":...",,generic safe repeated-operation harness; confirmation depends on no-arg construction and no-arg operation,<repo>\paper_artifacts\scp_behavioral_sweep\harnesses\case_16_cerberus_BareValidator.py,<repo>\paper_artifacts\scp_behavioral_sweep\outputs\case_16_cerberus_BareValidator.json
17,click-option-group,0.5.9,_OptGroup,click_option_group-0.5.9\src\click_option_group\_decorators.py,10,True,structural_only_no_runtime_difference,False,False,False,False,__call__() once on fresh instance,__call__() once first; then __call__() again,"{""after"": {""_decorating_state"": ""defaultdict(<class 'list'>, {})"", ""_not_attached_options"": ""defaultdict(<class 'list'>, {})"", ""_outer_frame_index"": ""1""}, ""before"": {""_decorating_state"": ""defaultdict(<class 'list'>, {})"", ""_not_attached_options"": ""defaultdict(<class 'list'>, {})"", ""_outer_frame_i...","{""after"": {""_decorating_state"": ""defaultdict(<class 'list'>, {})"", ""_not_attached_options"": ""defaultdict(<class 'list'>, {})"", ""_outer_frame_index"": ""1""}, ""after_observation"": {""_decorating_state"": ""defaultdict(<class 'list'>, {})"", ""_not_attached_options"": ""defaultdict(<class 'list'>, {})"", ""_ou...",,generic safe repeated-operation harness; confirmation depends on no-arg construction and no-arg operation,<repo>\paper_artifacts\scp_behavioral_sweep\harnesses\case_17_click_option_group_OptGroup.py,<repo>\paper_artifacts\scp_behavioral_sweep\outputs\case_17_click_option_group_OptGroup.json
18,dnspython,2.8.0,BTree,dnspython-2.8.0\dns\btree.py,10,True,structural_only_no_runtime_difference,False,False,False,False,insert_element() once on fresh instance,insert_element() once first; then insert_element() again,"{""after"": {""_immutable"": ""False"", ""creator"": ""<dns.btree._Creator object at 0xADDR>"", ""cursors"": ""set()"", ""root"": ""<dns.btree._Node object at 0xADDR>"", ""size"": ""0"", ""t"": ""127""}, ""before"": {""_immutable"": ""False"", ""creator"": ""<dns.btree._Creator object at 0xADDR>"", ""cursors"": ""set()"", ""root"": ""<dns...","{""after"": {""_immutable"": ""False"", ""creator"": ""<dns.btree._Creator object at 0xADDR>"", ""cursors"": ""set()"", ""root"": ""<dns.btree._Node object at 0xADDR>"", ""size"": ""0"", ""t"": ""127""}, ""after_observation"": {""_immutable"": ""False"", ""creator"": ""<dns.btree._Creator object at 0xADDR>"", ""cursors"": ""set()"", ""r...",,generic safe repeated-operation harness; confirmation depends on no-arg construction and no-arg operation,<repo>\paper_artifacts\scp_behavioral_sweep\harnesses\case_18_dnspython_BTree.py,<repo>\paper_artifacts\scp_behavioral_sweep\outputs\case_18_dnspython_BTree.json
19,dnspython,2.8.0,EntropyPool,dnspython-2.8.0\dns\entropy.py,10,True,not_applicable_after_inspection,False,False,False,False,,,{},{},method name treated as nondeterministic: random_8,generic harness did not execute candidate behavior,<repo>\paper_artifacts\scp_behavioral_sweep\harnesses\case_19_dnspython_EntropyPool.py,<repo>\paper_artifacts\scp_behavioral_sweep\outputs\case_19_dnspython_EntropyPool.json
20,dnspython,2.8.0,Message,dnspython-2.8.0\dns\message.py,10,True,not_applicable_after_inspection,False,False,False,False,,,{},{},fresh instances were not comparable under canonical state snapshot,generic harness did not execute candidate behavior,<repo>\paper_artifacts\scp_behavioral_sweep\harnesses\case_20_dnspython_Message.py,<repo>\paper_artifacts\scp_behavioral_sweep\outputs\case_20_dnspython_Message.json
21,dnspython,2.8.0,Buffer,dnspython-2.8.0\dns\quic\_common.py,10,True,import_failed,False,False,False,False,,,{},{},import_failed: ModuleNotFoundError: No module named 'aioquic',generic harness did not execute candidate behavior,<repo>\paper_artifacts\scp_behavioral_sweep\harnesses\case_21_dnspython_Buffer.py,<repo>\paper_artifacts\scp_behavioral_sweep\outputs\case_21_dnspython_Buffer.json
22,dnspython,2.8.0,Tokenizer,dnspython-2.8.0\dns\tokenizer.py,10,True,confirmed_state_divergence_only,True,False,False,True,_get_char() once on fresh instance,_get_char() once first; then _get_char() again,"{""after"": {""delimiters"": ""{')', '\\n', '(', ' ', '\""', ';', '\\t'}"", ""eof"": ""True"", ""file"": ""<_io.TextIOWrapper name='<stdin>' mode='r' encoding='cp1252'>"", ""filename"": ""'<stdin>'"", ""idna_codec"": ""<dns.name.IDNA2003Codec object at 0xADDR>"", ""line_number"": ""1"", ""multiline"": ""0"", ""quoting"": ""False""...","{""after"": {""delimiters"": ""{')', '\\n', '(', ' ', '\""', ';', '\\t'}"", ""eof"": ""True"", ""file"": ""<_io.TextIOWrapper name='<stdin>' mode='r' encoding='cp1252'>"", ""filename"": ""'<stdin>'"", ""idna_codec"": ""<dns.name.IDNA2003Codec object at 0xADDR>"", ""line_number"": ""1"", ""multiline"": ""0"", ""quoting"": ""False""...",,generic safe repeated-operation harness; confirmation depends on no-arg construction and no-arg operation,<repo>\paper_artifacts\scp_behavioral_sweep\harnesses\case_22_dnspython_Tokenizer.py,<repo>\paper_artifacts\scp_behavioral_sweep\outputs\case_22_dnspython_Tokenizer.json
23,docutils,0.22.4,Publisher,docutils-0.22.4\docutils\core.py,10,True,confirmed_state_divergence_only,True,False,False,True,get_settings() once on fresh instance,get_settings() once first; then get_settings() again,"{""after"": {""_stderr"": ""<docutils.io.ErrorOutput object at 0xADDR>"", ""destination"": ""None"", ""destination_class"": ""<class 'docutils.io.FileOutput'>"", ""document"": ""None"", ""parser"": ""None"", ""reader"": ""None"", ""settings"": ""<Values at 0xADDR: {'output_path': None, 'title': None, 'generator': None, 'date...","{""after"": {""_stderr"": ""<docutils.io.ErrorOutput object at 0xADDR>"", ""destination"": ""None"", ""destination_class"": ""<class 'docutils.io.FileOutput'>"", ""document"": ""None"", ""parser"": ""None"", ""reader"": ""None"", ""settings"": ""<Values at 0xADDR: {'output_path': None, 'title': None, 'generator': None, 'date...",,generic safe repeated-operation harness; confirmation depends on no-arg construction and no-arg operation,<repo>\paper_artifacts\scp_behavioral_sweep\harnesses\case_23_docutils_Publisher.py,<repo>\paper_artifacts\scp_behavioral_sweep\outputs\case_23_docutils_Publisher.json
24,docutils,0.22.4,OptionParser,docutils-0.22.4\docutils\frontend.py,10,True,structural_only_no_runtime_difference,False,False,False,False,get_config_file_settings() once on fresh instance,get_config_file_settings() once first; then get_config_file_settings() again,"{""after"": {""_long_opt"": ""{'--output-path': <Option at 0xADDR: --output-path/--output>, '--output': <Option at 0xADDR: --output-path/--output>, '--title': <Option at 0xADDR: --title>,..."", ""_short_opt"": ""{'-g': <Option at 0xADDR: -g/--generator>, '-d': <Option at 0xADDR: -d/--date>, '-t': <Option ...","{""after"": {""_long_opt"": ""{'--output-path': <Option at 0xADDR: --output-path/--output>, '--output': <Option at 0xADDR: --output-path/--output>, '--title': <Option at 0xADDR: --title>,..."", ""_short_opt"": ""{'-g': <Option at 0xADDR: -g/--generator>, '-d': <Option at 0xADDR: -d/--date>, '-t': <Option ...",,generic safe repeated-operation harness; confirmation depends on no-arg construction and no-arg operation,<repo>\paper_artifacts\scp_behavioral_sweep\harnesses\case_24_docutils_OptionParser.py,<repo>\paper_artifacts\scp_behavioral_sweep\outputs\case_24_docutils_OptionParser.json
25,docutils,0.22.4,Input,docutils-0.22.4\docutils\io.py,10,True,structural_only_no_runtime_difference,False,False,False,False,decode() once on fresh instance,decode() once first; then decode() again,"{""after"": {""encoding"": ""'utf-8'"", ""error_handler"": ""'strict'"", ""source"": ""None"", ""source_path"": ""None"", ""successful_encoding"": ""None""}, ""before"": {""encoding"": ""'utf-8'"", ""error_handler"": ""'strict'"", ""source"": ""None"", ""source_path"": ""None"", ""successful_encoding"": ""None""}, ""result"": {""kind"": ""not_c...","{""after"": {""encoding"": ""'utf-8'"", ""error_handler"": ""'strict'"", ""source"": ""None"", ""source_path"": ""None"", ""successful_encoding"": ""None""}, ""after_observation"": {""encoding"": ""'utf-8'"", ""error_handler"": ""'strict'"", ""source"": ""None"", ""source_path"": ""None"", ""successful_encoding"": ""None""}, ""before"": {""en...",,generic safe repeated-operation harness; confirmation depends on no-arg construction and no-arg operation,<repo>\paper_artifacts\scp_behavioral_sweep\harnesses\case_25_docutils_Input.py,<repo>\paper_artifacts\scp_behavioral_sweep\outputs\case_25_docutils_Input.json
26,docutils,0.22.4,StringOutput,docutils-0.22.4\docutils\io.py,10,True,unsafe_to_execute,False,False,False,False,,,{},{},method name treated as unsafe: write,generic harness did not execute candidate behavior,<repo>\paper_artifacts\scp_behavioral_sweep\harnesses\case_26_docutils_StringOutput.py,<repo>\paper_artifacts\scp_behavioral_sweep\outputs\case_26_docutils_StringOutput.json
27,docutils,0.22.4,LineBlock,docutils-0.22.4\docutils\parsers\rst\directives\body.py,10,True,could_not_construct,False,False,False,False,,,{},{},"constructor requires arguments: name, arguments, options, content, lineno, content_offset, block_text, state, state_machine",generic harness did not execute candidate behavior,<repo>\paper_artifacts\scp_behavioral_sweep\harnesses\case_27_docutils_LineBlock.py,<repo>\paper_artifacts\scp_behavioral_sweep\outputs\case_27_docutils_LineBlock.json
28,docutils,0.22.4,Include,docutils-0.22.4\docutils\parsers\rst\directives\misc.py,10,True,could_not_construct,False,False,False,False,,,{},{},"constructor requires arguments: name, arguments, options, content, lineno, content_offset, block_text, state, state_machine",generic harness did not execute candidate behavior,<repo>\paper_artifacts\scp_behavioral_sweep\harnesses\case_28_docutils_Include.py,<repo>\paper_artifacts\scp_behavioral_sweep\outputs\case_28_docutils_Include.json
29,docutils,0.22.4,MetaBody,docutils-0.22.4\docutils\parsers\rst\directives\misc.py,10,True,could_not_construct,False,False,False,False,,,{},{},constructor requires arguments: state_machine,generic harness did not execute candidate behavior,<repo>\paper_artifacts\scp_behavioral_sweep\harnesses\case_29_docutils_MetaBody.py,<repo>\paper_artifacts\scp_behavioral_sweep\outputs\case_29_docutils_MetaBody.json
30,docutils,0.22.4,Body,docutils-0.22.4\docutils\parsers\rst\states.py,10,True,could_not_construct,False,False,False,False,,,{},{},constructor requires arguments: state_machine,generic harness did not execute candidate behavior,<repo>\paper_artifacts\scp_behavioral_sweep\harnesses\case_30_docutils_Body.py,<repo>\paper_artifacts\scp_behavioral_sweep\outputs\case_30_docutils_Body.json
31,docutils,0.22.4,BulletList,docutils-0.22.4\docutils\parsers\rst\states.py,10,True,could_not_construct,False,False,False,False,,,{},{},constructor requires arguments: state_machine,generic harness did not execute candidate behavior,<repo>\paper_artifacts\scp_behavioral_sweep\harnesses\case_31_docutils_BulletList.py,<repo>\paper_artifacts\scp_behavioral_sweep\outputs\case_31_docutils_BulletList.json
32,docutils,0.22.4,Definition,docutils-0.22.4\docutils\parsers\rst\states.py,10,True,could_not_construct,False,False,False,False,,,{},{},constructor requires arguments: state_machine,generic harness did not execute candidate behavior,<repo>\paper_artifacts\scp_behavioral_sweep\harnesses\case_32_docutils_Definition.py,<repo>\paper_artifacts\scp_behavioral_sweep\outputs\case_32_docutils_Definition.json
33,docutils,0.22.4,EnumeratedList,docutils-0.22.4\docutils\parsers\rst\states.py,10,True,could_not_construct,False,False,False,False,,,{},{},constructor requires arguments: state_machine,generic harness did not execute candidate behavior,<repo>\paper_artifacts\scp_behavioral_sweep\harnesses\case_33_docutils_EnumeratedList.py,<repo>\paper_artifacts\scp_behavioral_sweep\outputs\case_33_docutils_EnumeratedList.json
34,docutils,0.22.4,Explicit,docutils-0.22.4\docutils\parsers\rst\states.py,10,True,could_not_construct,False,False,False,False,,,{},{},constructor requires arguments: state_machine,generic harness did not execute candidate behavior,<repo>\paper_artifacts\scp_behavioral_sweep\harnesses\case_34_docutils_Explicit.py,<repo>\paper_artifacts\scp_behavioral_sweep\outputs\case_34_docutils_Explicit.json
35,docutils,0.22.4,FieldList,docutils-0.22.4\docutils\parsers\rst\states.py,10,True,could_not_construct,False,False,False,False,,,{},{},constructor requires arguments: state_machine,generic harness did not execute candidate behavior,<repo>\paper_artifacts\scp_behavioral_sweep\harnesses\case_35_docutils_FieldList.py,<repo>\paper_artifacts\scp_behavioral_sweep\outputs\case_35_docutils_FieldList.json
36,docutils,0.22.4,Inliner,docutils-0.22.4\docutils\parsers\rst\states.py,10,True,structural_only_no_runtime_difference,False,False,False,False,parse() once on fresh instance,parse() once first; then parse() again,"{""after"": {""implicit_dispatch"": ""[]""}, ""before"": {""implicit_dispatch"": ""[]""}, ""result"": {""kind"": ""not_callable_without_args"", ""required"": [""text"", ""lineno"", ""memo"", ""parent""]}}","{""after"": {""implicit_dispatch"": ""[]""}, ""after_observation"": {""implicit_dispatch"": ""[]""}, ""before"": {""implicit_dispatch"": ""[]""}, ""observation_result"": {""kind"": ""not_callable_without_args"", ""required"": [""text"", ""lineno"", ""memo"", ""parent""]}, ""result"": {""kind"": ""not_callable_without_args"", ""required""...",,generic safe repeated-operation harness; confirmation depends on no-arg construction and no-arg operation,<repo>\paper_artifacts\scp_behavioral_sweep\harnesses\case_36_docutils_Inliner.py,<repo>\paper_artifacts\scp_behavioral_sweep\outputs\case_36_docutils_Inliner.json
37,docutils,0.22.4,Line,docutils-0.22.4\docutils\parsers\rst\states.py,10,True,could_not_construct,False,False,False,False,,,{},{},constructor requires arguments: state_machine,generic harness did not execute candidate behavior,<repo>\paper_artifacts\scp_behavioral_sweep\harnesses\case_37_docutils_Line.py,<repo>\paper_artifacts\scp_behavioral_sweep\outputs\case_37_docutils_Line.json
38,docutils,0.22.4,LineBlock,docutils-0.22.4\docutils\parsers\rst\states.py,10,True,could_not_construct,False,False,False,False,,,{},{},constructor requires arguments: state_machine,generic harness did not execute candidate behavior,<repo>\paper_artifacts\scp_behavioral_sweep\harnesses\case_38_docutils_LineBlock.py,<repo>\paper_artifacts\scp_behavioral_sweep\outputs\case_38_docutils_LineBlock.json
39,docutils,0.22.4,OptionList,docutils-0.22.4\docutils\parsers\rst\states.py,10,True,could_not_construct,False,False,False,False,,,{},{},constructor requires arguments: state_machine,generic harness did not execute candidate behavior,<repo>\paper_artifacts\scp_behavioral_sweep\harnesses\case_39_docutils_OptionList.py,<repo>\paper_artifacts\scp_behavioral_sweep\outputs\case_39_docutils_OptionList.json
40,docutils,0.22.4,RFC2822Body,docutils-0.22.4\docutils\parsers\rst\states.py,10,True,could_not_construct,False,False,False,False,,,{},{},constructor requires arguments: state_machine,generic harness did not execute candidate behavior,<repo>\paper_artifacts\scp_behavioral_sweep\harnesses\case_40_docutils_RFC2822Body.py,<repo>\paper_artifacts\scp_behavioral_sweep\outputs\case_40_docutils_RFC2822Body.json
41,docutils,0.22.4,RFC2822List,docutils-0.22.4\docutils\parsers\rst\states.py,10,True,could_not_construct,False,False,False,False,,,{},{},constructor requires arguments: state_machine,generic harness did not execute candidate behavior,<repo>\paper_artifacts\scp_behavioral_sweep\harnesses\case_41_docutils_RFC2822List.py,<repo>\paper_artifacts\scp_behavioral_sweep\outputs\case_41_docutils_RFC2822List.json
42,docutils,0.22.4,Text,docutils-0.22.4\docutils\parsers\rst\states.py,10,True,could_not_construct,False,False,False,False,,,{},{},constructor requires arguments: state_machine,generic harness did not execute candidate behavior,<repo>\paper_artifacts\scp_behavioral_sweep\harnesses\case_42_docutils_Text.py,<repo>\paper_artifacts\scp_behavioral_sweep\outputs\case_42_docutils_Text.json
43,docutils,0.22.4,Reader,docutils-0.22.4\docutils\readers\__init__.py,10,True,structural_only_no_runtime_difference,False,False,False,False,read() once on fresh instance,read() once first; then read() again,"{""after"": {""input"": ""None"", ""parser"": ""None"", ""source"": ""None""}, ""before"": {""input"": ""None"", ""parser"": ""None"", ""source"": ""None""}, ""result"": {""kind"": ""not_callable_without_args"", ""required"": [""source"", ""parser"", ""settings""]}}","{""after"": {""input"": ""None"", ""parser"": ""None"", ""source"": ""None""}, ""after_observation"": {""input"": ""None"", ""parser"": ""None"", ""source"": ""None""}, ""before"": {""input"": ""None"", ""parser"": ""None"", ""source"": ""None""}, ""observation_result"": {""kind"": ""not_callable_without_args"", ""required"": [""source"", ""parser""...",,generic safe repeated-operation harness; confirmation depends on no-arg construction and no-arg operation,<repo>\paper_artifacts\scp_behavioral_sweep\harnesses\case_43_docutils_Reader.py,<repo>\paper_artifacts\scp_behavioral_sweep\outputs\case_43_docutils_Reader.json
44,docutils,0.22.4,ViewList,docutils-0.22.4\docutils\statemachine.py,10,True,structural_only_no_runtime_difference,False,False,False,False,__iadd__() once on fresh instance,__iadd__() once first; then __iadd__() again,"{""after"": {""data"": ""[]"", ""items"": ""[]"", ""parent"": ""None"", ""parent_offset"": ""None""}, ""before"": {""data"": ""[]"", ""items"": ""[]"", ""parent"": ""None"", ""parent_offset"": ""None""}, ""result"": {""kind"": ""not_callable_without_args"", ""required"": [""other""]}}","{""after"": {""data"": ""[]"", ""items"": ""[]"", ""parent"": ""None"", ""parent_offset"": ""None""}, ""after_observation"": {""data"": ""[]"", ""items"": ""[]"", ""parent"": ""None"", ""parent_offset"": ""None""}, ""before"": {""data"": ""[]"", ""items"": ""[]"", ""parent"": ""None"", ""parent_offset"": ""None""}, ""observation_result"": {""kind"": ""no...",,generic safe repeated-operation harness; confirmation depends on no-arg construction and no-arg operation,<repo>\paper_artifacts\scp_behavioral_sweep\harnesses\case_44_docutils_ViewList.py,<repo>\paper_artifacts\scp_behavioral_sweep\outputs\case_44_docutils_ViewList.json
45,docutils,0.22.4,MathElement,docutils-0.22.4\docutils\utils\math\mathml_elements.py,10,True,not_applicable_after_inspection,False,False,False,False,,,{},{},method is not treated as read/observer-shaped: close,generic harness did not execute candidate behavior,<repo>\paper_artifacts\scp_behavioral_sweep\harnesses\case_45_docutils_MathElement.py,<repo>\paper_artifacts\scp_behavioral_sweep\outputs\case_45_docutils_MathElement.json
46,docutils,0.22.4,MathSchema,docutils-0.22.4\docutils\utils\math\mathml_elements.py,10,True,structural_only_no_runtime_difference,False,False,False,False,append() once on fresh instance,append() once first; then append() again,"{""after"": {""switch"": ""False""}, ""before"": {""switch"": ""False""}, ""result"": {""kind"": ""not_callable_without_args"", ""required"": [""element""]}}","{""after"": {""switch"": ""False""}, ""after_observation"": {""switch"": ""False""}, ""before"": {""switch"": ""False""}, ""observation_result"": {""kind"": ""not_callable_without_args"", ""required"": [""element""]}, ""result"": {""kind"": ""not_callable_without_args"", ""required"": [""element""]}}",,generic safe repeated-operation harness; confirmation depends on no-arg construction and no-arg operation,<repo>\paper_artifacts\scp_behavioral_sweep\harnesses\case_46_docutils_MathSchema.py,<repo>\paper_artifacts\scp_behavioral_sweep\outputs\case_46_docutils_MathSchema.json
47,docutils,0.22.4,Writer,docutils-0.22.4\docutils\writers\__init__.py,10,True,unsafe_to_execute,False,False,False,False,,,{},{},method name treated as unsafe: write,generic harness did not execute candidate behavior,<repo>\paper_artifacts\scp_behavioral_sweep\harnesses\case_47_docutils_Writer.py,<repo>\paper_artifacts\scp_behavioral_sweep\outputs\case_47_docutils_Writer.json
48,docutils,0.22.4,Writer,docutils-0.22.4\docutils\writers\pep_html\__init__.py,10,True,structural_only_no_runtime_difference,False,False,False,False,interpolation_dict() once on fresh instance,interpolation_dict() once first; then interpolation_dict() again,"{""after"": {""parts"": ""{}"", ""translator_class"": ""<class 'docutils.writers.pep_html.__init__.HTMLTranslator'>""}, ""before"": {""parts"": ""{}"", ""translator_class"": ""<class 'docutils.writers.pep_html.__init__.HTMLTranslator'>""}, ""result"": {""kind"": ""exception"", ""message"": ""'NoneType' object has no attribut...","{""after"": {""parts"": ""{}"", ""translator_class"": ""<class 'docutils.writers.pep_html.__init__.HTMLTranslator'>""}, ""after_observation"": {""parts"": ""{}"", ""translator_class"": ""<class 'docutils.writers.pep_html.__init__.HTMLTranslator'>""}, ""before"": {""parts"": ""{}"", ""translator_class"": ""<class 'docutils.wr...",,generic safe repeated-operation harness; confirmation depends on no-arg construction and no-arg operation,<repo>\paper_artifacts\scp_behavioral_sweep\harnesses\case_48_docutils_Writer.py,<repo>\paper_artifacts\scp_behavioral_sweep\outputs\case_48_docutils_Writer.json
49,h11,0.16.0,ChunkedReader,h11-0.16.0\h11\_readers.py,10,True,structural_only_no_runtime_difference,False,False,False,False,__call__() once on fresh instance,__call__() once first; then __call__() again,"{""after"": {""_bytes_in_chunk"": ""0"", ""_bytes_to_discard"": ""b''"", ""_reading_trailer"": ""False""}, ""before"": {""_bytes_in_chunk"": ""0"", ""_bytes_to_discard"": ""b''"", ""_reading_trailer"": ""False""}, ""result"": {""kind"": ""not_callable_without_args"", ""required"": [""buf""]}}","{""after"": {""_bytes_in_chunk"": ""0"", ""_bytes_to_discard"": ""b''"", ""_reading_trailer"": ""False""}, ""after_observation"": {""_bytes_in_chunk"": ""0"", ""_bytes_to_discard"": ""b''"", ""_reading_trailer"": ""False""}, ""before"": {""_bytes_in_chunk"": ""0"", ""_bytes_to_discard"": ""b''"", ""_reading_trailer"": ""False""}, ""observ...",,generic safe repeated-operation harness; confirmation depends on no-arg construction and no-arg operation,<repo>\paper_artifacts\scp_behavioral_sweep\harnesses\case_49_h11_ChunkedReader.py,<repo>\paper_artifacts\scp_behavioral_sweep\outputs\case_49_h11_ChunkedReader.json
50,h11,0.16.0,ReceiveBuffer,h11-0.16.0\h11\_receivebuffer.py,10,True,structural_only_no_runtime_difference,False,False,False,False,__iadd__() once on fresh instance,__iadd__() once first; then __iadd__() again,"{""after"": {""_data"": ""bytearray(b'')"", ""_multiple_lines_search"": ""0"", ""_next_line_search"": ""0""}, ""before"": {""_data"": ""bytearray(b'')"", ""_multiple_lines_search"": ""0"", ""_next_line_search"": ""0""}, ""result"": {""kind"": ""not_callable_without_args"", ""required"": [""byteslike""]}}","{""after"": {""_data"": ""bytearray(b'')"", ""_multiple_lines_search"": ""0"", ""_next_line_search"": ""0""}, ""after_observation"": {""_data"": ""bytearray(b'')"", ""_multiple_lines_search"": ""0"", ""_next_line_search"": ""0""}, ""before"": {""_data"": ""bytearray(b'')"", ""_multiple_lines_search"": ""0"", ""_next_line_search"": ""0""}...",,generic safe repeated-operation harness; confirmation depends on no-arg construction and no-arg operation,<repo>\paper_artifacts\scp_behavioral_sweep\harnesses\case_50_h11_ReceiveBuffer.py,<repo>\paper_artifacts\scp_behavioral_sweep\outputs\case_50_h11_ReceiveBuffer.json
