body_length,observation_count,cap_degree,unique_permutations,sampled_unique_permutations,sampled_min,sampled_max,sampled_range,exhaustive_min,exhaustive_max,exhaustive_range,match,absolute_range_mismatch
2,1,1,3,3,211/10,221/10,1,211/10,221/10,1,True,0
2,1,2,3,3,7596/25,7956/25,72/5,7596/25,7956/25,72/5,True,0
2,1,3,3,3,641862/125,672282/125,6084/25,641862/125,672282/125,6084/25,True,0
2,1,4,3,3,62902476/625,65883636/625,596232/125,62902476/625,65883636/625,596232/125,True,0
2,2,1,6,6,211/10,231/10,2,211/10,231/10,2,True,0
2,2,2,6,6,8651/25,9471/25,164/5,8651/25,9471/25,164/5,True,0
2,2,3,6,6,1721549/250,1884729/250,16318/25,1721549/250,1884729/250,16318/25,True,0
2,2,4,6,6,101571391/625,111199011/625,1925524/125,101571391/625,111199011/625,1925524/125,True,0
2,3,1,10,10,211/10,241/10,3,211/10,241/10,3,True,0
2,3,2,10,10,9706/25,11086/25,276/5,9706/25,11086/25,276/5,True,0
2,3,3,10,10,1111337/125,1269347/125,31602/25,1111337/125,1269347/125,31602/25,True,0
2,3,4,10,10,153364506/625,175169886/625,4361076/125,153364506/625,175169886/625,4361076/125,True,0
2,4,1,15,15,211/10,251/10,4,211/10,251/10,4,True,0
2,4,2,15,15,10761/25,12801/25,408/5,10761/25,12801/25,408/5,True,0
2,4,3,15,15,2787099/250,3315459/250,52836/25,2787099/250,3315459/250,52836/25,True,0
2,4,4,15,15,220180821/625,261921261/625,8348088/125,220180821/625,261921261/625,8348088/125,True,0
3,1,1,4,4,67/2,73/2,3,67/2,73/2,3,True,0
3,1,2,4,4,11323/20,12337/20,507/10,11323/20,12337/20,507/10,True,0
3,1,3,4,4,554827/50,604513/50,24843/25,554827/50,604513/50,24843/25,True,0
3,1,4,4,4,4993443/20,5440617/20,223587/10,4993443/20,5440617/20,223587/10,True,0
3,2,1,10,10,67/2,79/2,6,67/2,79/2,6,True,0
3,2,2,10,10,13333/20,15721/20,597/5,13333/20,15721/20,597/5,True,0
3,2,3,10,10,786647/50,927539/50,70446/25,786647/50,927539/50,70446/25,True,0
3,2,4,10,10,8653117/20,10202929/20,387453/5,8653117/20,10202929/20,387453/5,True,0
3,3,1,20,20,67/2,85/2,9,67/2,85/2,9,True,0
3,3,2,20,20,15343/20,3893/4,2061/10,15343/20,3893/4,2061/10,True,0
3,3,3,20,20,1058667/50,268617/10,142209/25,1058667/50,268617/10,142209/25,True,0
3,3,4,20,20,13762671/20,3492021/4,1848717/10,13762671/20,3492021/4,1848717/10,True,0
3,4,1,35,35,67/2,91/2,12,67/2,91/2,12,True,0
3,4,2,35,35,17353/20,23569/20,1554/5,17353/20,23569/20,1554/5,True,0
3,4,3,35,35,1370887/50,1861951/50,245532/25,1370887/50,1861951/50,245532/25,True,0
3,4,4,35,35,4112661/4,5585853/4,368298,4112661/4,5585853/4,368298,True,0
4,1,1,5,5,237/5,267/5,6,237/5,267/5,6,True,0
4,1,2,5,5,23226/25,26166/25,588/5,23226/25,26166/25,588/5,True,0
4,1,3,5,5,104517/5,117747/5,2646,104517/5,117747/5,2646,True,0
4,1,4,5,5,13378176/25,15071616/25,338688/5,13378176/25,15071616/25,338688/5,True,0
4,2,1,15,15,237/5,297/5,12,237/5,297/5,12,True,0
4,2,2,15,15,27966/25,35046/25,1416/5,27966/25,35046/25,1416/5,True,0
4,2,3,15,15,153813/5,192753/5,7788,153813/5,192753/5,7788,True,0
4,2,4,15,15,24302454/25,30454974/25,1230504/5,24302454/25,30454974/25,1230504/5,True,0
4,3,1,35,35,237/5,327/5,18,237/5,327/5,18,True,0
4,3,2,35,35,32706/25,45126/25,2484/5,32706/25,45126/25,2484/5,True,0
4,3,3,35,35,212589/5,293319/5,16146,212589/5,293319/5,16146,True,0
4,3,4,35,35,39966732/25,55143972/25,3035448/5,39966732/25,55143972/25,3035448/5,True,0
4,4,1,70,70,237/5,357/5,24,237/5,357/5,24,True,0
4,4,2,70,70,37446/25,56406/25,3792/5,37446/25,56406/25,3792/5,True,0
4,4,3,70,70,56169,84609,28440,56169,84609,28440,True,0
4,4,4,70,70,12244842/5,18444762/5,1239984,12244842/5,18444762/5,1239984,True,0
5,1,1,6,6,63,73,10,63,73,10,True,0
5,1,2,6,6,2835/2,3285/2,225,2835/2,3285/2,225,True,0
5,1,3,6,6,36288,42048,5760,36288,42048,5760,True,0
5,1,4,6,6,5243616/5,6075936/5,166464,5243616/5,6075936/5,166464,True,0
5,2,1,21,21,63,83,20,63,83,20,True,0
5,2,2,21,21,3465/2,4565/2,550,3465/2,4565/2,550,True,0
5,2,3,21,21,54747,72127,17380,54747,72127,17380,True,0
5,2,4,21,21,19654173/10,25893593/10,623942,19654173/10,25893593/10,623942,True,0
5,3,1,56,56,63,93,30,63,93,30,True,0
5,3,2,56,56,4095/2,6045/2,975,4095/2,6045/2,975,True,0
5,3,3,56,56,76986,113646,36660,76986,113646,36660,True,0
5,3,4,56,56,16513497/5,24377067/5,1572714,16513497/5,24377067/5,1572714,True,0
5,4,1,126,126,63,103,40,63,103,40,True,0
5,4,2,126,126,4725/2,7725/2,1500,4725/2,7725/2,1500,True,0
5,4,3,126,126,103005,168405,65400,103005,168405,65400,True,0
5,4,4,126,126,10279899/2,16806819/2,3263460,10279899/2,16806819/2,3263460,True,0
6,1,1,7,7,161/2,191/2,15,161/2,191/2,15,True,0
6,1,2,7,7,10304/5,12224/5,384,10304/5,12224/5,384,True,0
6,1,3,7,7,1488928/25,1766368/25,55488/5,1488928/25,1766368/25,55488/5,True,0
6,1,4,7,7,241206336/125,286151616/125,8989056/25,241206336/125,286151616/125,8989056/25,True,0
6,2,1,28,28,161/2,221/2,30,161/2,221/2,30,True,0
6,2,2,28,28,12719/5,17459/5,948,12719/5,17459/5,948,True,0
6,2,3,28,28,4566121/50,6267781/50,170166/5,4566121/50,6267781/50,170166/5,True,0
6,2,4,28,28,461178221/125,633045881/125,34373532/25,461178221/125,633045881/125,34373532/25,True,0
6,3,1,84,84,161/2,251/2,45,161/2,251/2,45,True,0
6,3,2,84,84,15134/5,23594/5,1692,15134/5,23594/5,1692,True,0
6,3,3,84,84,3246243/25,5060913/25,362934/5,3246243/25,5060913/25,362934/5,True,0
6,3,4,84,84,785590806/125,1224740946/125,87830028/25,785590806/125,1224740946/125,87830028/25,True,0
6,4,1,210,210,161/2,281/2,60,161/2,281/2,60,True,0
6,4,2,210,210,17549/5,30629/5,2616,17549/5,30629/5,2616,True,0
6,4,3,210,210,8756951/50,15283871/50,652692/5,8756951/50,15283871/50,652692/5,True,0
6,4,4,210,210,1234730091/125,2155025811/125,184059144/25,1234730091/125,2155025811/125,184059144/25,True,0
7,1,1,8,8,1001/10,1211/10,21,1001/10,1211/10,21,True,0
7,1,2,8,8,289289/100,349979/100,6069/10,289289/100,349979/100,6069/10,True,0
7,1,3,8,8,23432409/250,28348299/250,491589/25,23432409/250,28348299/250,491589/25,True,0
7,1,4,8,8,8459099649/2500,10233735939/2500,177463629/250,8459099649/2500,10233735939/2500,177463629/250,True,0
7,2,1,36,36,1001/10,1421/10,42,1001/10,1421/10,42,True,0
7,2,2,36,36,359359/100,510139/100,7539/5,359359/100,510139/100,7539/5,True,0
7,2,3,36,36,36295259/250,51524039/250,1522878/25,36295259/250,51524039/250,1522878/25,True,0
7,2,4,36,36,16369161809/2500,23237341589/2500,343408989/125,16369161809/2500,23237341589/2500,343408989/125,True,0
7,3,1,120,120,1001/10,1631/10,63,1001/10,1631/10,63,True,0
7,3,2,120,120,429429/100,699699/100,27027/10,429429/100,699699/100,27027/10,True,0
7,3,3,120,120,51960909/250,84663579/250,3270267/25,51960909/250,84663579/250,3270267/25,True,0
7,3,4,120,120,28110851769/2500,45802996239/2500,1769214447/250,28110851769/2500,45802996239/2500,1769214447/250,True,0
7,4,1,330,330,1001/10,1841/10,84,1001/10,1841/10,84,True,0
7,4,2,330,330,499499/100,918659/100,20958/5,499499/100,918659/100,20958/5,True,0
7,4,3,330,330,70429359/250,129530919/250,5910156/25,70429359/250,129530919/250,5910156/25,True,0
7,4,4,330,330,44440925529/2500,81734009889/2500,1864654218/125,44440925529/2500,81734009889/2500,1864654218/125,True,0
8,1,1,9,9,122,150,28,122,150,28,True,0
8,1,2,9,9,19764/5,4860,4536/5,19764/5,4860,4536/5,True,0
8,1,3,9,9,3567402/25,175446,818748/25,3567402/25,175446,818748/25,True,0
8,1,4,9,9,28539216/5,7017840,6549984/5,28539216/5,7017840,6549984/5,True,0
8,2,1,45,45,122,178,56,122,178,56,True,0
8,2,2,45,45,24644/5,35956/5,11312/5,24644/5,35956/5,11312/5,True,0
8,2,3,45,45,5557222/25,8108078/25,2550856/25,5557222/25,8108078/25,2550856/25,True,0
8,2,4,45,45,11114444,16216156,5101712,11114444,16216156,5101712,True,0
8,3,1,165,165,122,206,84,122,206,84,True,0
8,3,2,165,165,29524/5,49852/5,20328/5,29524/5,49852/5,20328/5,True,0
8,3,3,165,165,7986242/25,13484966/25,5498724/25,7986242/25,13484966/25,5498724/25,True,0
8,3,4,165,165,95834904/5,161819592/5,65984688/5,95834904/5,161819592/5,65984688/5,True,0
8,4,1,495,495,122,234,112,122,234,112,True,0
8,4,2,495,495,34404/5,65988/5,31584/5,34404/5,65988/5,31584/5,True,0
8,4,3,495,495,10854462/25,20819214/25,9964752/25,10854462/25,20819214/25,9964752/25,True,0
8,4,4,495,495,151962468/5,291468996/5,139506528/5,151962468/5,291468996/5,139506528/5,True,0
