package,file,class,analyzer_label,manual_review_label,reason,reviewer_note
attrs,attrs-26.1.0\src\attr\_make.py,_ClassBuilder,MEDIUM,likely false positive,P1_access_sensitive,fluent class-builder mutator returns self; not an access/read path
attrs,attrs-26.1.0\src\attr\_make.py,_CountingAttr,MEDIUM,likely false positive,P1_access_sensitive,decorator registration mutates validator list and returns the decorated method
click,click-8.4.0\src\click\_termui_impl.py,ProgressBar,MEDIUM,likely false positive,P1_access_sensitive,context-manager entry flag returns self; no access-derived value
click,click-8.4.0\src\click\core.py,Context,MEDIUM,likely false positive,P1_access_sensitive,context-manager depth tracking returns self; no access-derived value
click,click-8.4.0\src\click\core.py,Command,MEDIUM,likely false positive,P1_access_sensitive,lazy help-option cache; repeated access returns the same semantic option
click,click-8.4.0\src\click\core.py,Group,MEDIUM,likely false positive,P1_access_sensitive,"callback registration decorator, not an access/read path"
click,click-8.4.0\src\click\utils.py,LazyFile,MEDIUM,likely false positive,P1_access_sensitive,lazy file-open cache; repeated access returns the cached handle
pendulum,pendulum\duration.py,Duration,MEDIUM,likely true positive,P1_access_sensitive,source review found state mutation on a method/property/call path that returns a value or access handle
pendulum,pendulum\duration.py,AbsoluteDuration,MEDIUM,likely true positive,P1_access_sensitive,source review found state mutation on a method/property/call path that returns a value or access handle
cachetools,cachetools-7.1.3\src\cachetools\__init__.py,_Timer,MEDIUM,likely true positive,P1_access_sensitive,source review found state mutation on a method/property/call path that returns a value or access handle
cachetools,cachetools-7.1.3\src\cachetools\__init__.py,TLRUCache,MEDIUM,likely true positive,P1_access_sensitive,source review found state mutation on a method/property/call path that returns a value or access handle
cachetools,cachetools-7.1.3\src\cachetools\_cachedmethod.py,Wrapper,MEDIUM,likely true positive,P1_access_sensitive,source review found state mutation on a method/property/call path that returns a value or access handle
cachetools,cachetools-7.1.3\src\cachetools\_cachedmethod.py,Wrapper,MEDIUM,likely true positive,P1_access_sensitive,source review found state mutation on a method/property/call path that returns a value or access handle
cachetools,cachetools-7.1.3\src\cachetools\_cachedmethod.py,Wrapper,MEDIUM,likely true positive,P1_access_sensitive,source review found state mutation on a method/property/call path that returns a value or access handle
cachetools,cachetools-7.1.3\src\cachetools\keys.py,_HashedTuple,MEDIUM,likely false positive,P1_access_sensitive,memoized hash cache; semantic hash value is stable
sortedcontainers,sortedcontainers-2.4.0\sortedcontainers\sorteddict.py,SortedDict,MEDIUM,likely false positive,P1_access_sensitive,deprecated cached view property; semantic view is stable
boltons,boltons-25.0.0\boltons\cacheutils.py,LRI,MEDIUM,likely true positive,P1_access_sensitive,source review found state mutation on a method/property/call path that returns a value or access handle
boltons,boltons-25.0.0\boltons\cacheutils.py,LRU,MEDIUM,likely true positive,P1_access_sensitive,source review found state mutation on a method/property/call path that returns a value or access handle
boltons,boltons-25.0.0\boltons\cacheutils.py,CachedFunction,MEDIUM,likely false positive,P1_access_sensitive,constructor/local closure pattern; not an access/read path
boltons,boltons-25.0.0\boltons\cacheutils.py,CachedMethod,MEDIUM,likely false positive,P1_access_sensitive,constructor/local closure pattern; not an access/read path
boltons,boltons-25.0.0\boltons\deprutils.py,DeprecatableModule,MEDIUM,likely true positive,P1_access_sensitive,source review found state mutation on a method/property/call path that returns a value or access handle
boltons,boltons-25.0.0\boltons\dictutils.py,FrozenDict,MEDIUM,likely false positive,P1_access_sensitive,memoized hash cache; semantic hash value is stable
boltons,boltons-25.0.0\boltons\excutils.py,_DeferredLine,MEDIUM,likely false positive,P1_access_sensitive,memoized string cache; repeated access returns the same line
boltons,boltons-25.0.0\boltons\formatutils.py,DeferredValue,MEDIUM,likely true positive,P1_access_sensitive,source review found state mutation on a method/property/call path that returns a value or access handle
boltons,boltons-25.0.0\boltons\funcutils.py,CachedInstancePartial,MEDIUM,likely false positive,P1_access_sensitive,"descriptor metadata initialization, not access-derived semantics"
boltons,boltons-25.0.0\boltons\ioutils.py,SpooledBytesIO,MEDIUM,likely false positive,P1_access_sensitive,lazy backing-buffer allocation; repeated access returns same buffer
boltons,boltons-25.0.0\boltons\ioutils.py,SpooledStringIO,MEDIUM,likely true positive,P1_access_sensitive,source review found state mutation on a method/property/call path that returns a value or access handle
boltons,boltons-25.0.0\boltons\ioutils.py,MultiFileReader,MEDIUM,likely true positive,P1_access_sensitive,source review found state mutation on a method/property/call path that returns a value or access handle
boltons,boltons-25.0.0\boltons\setutils.py,_ComplementSet,MEDIUM,likely false positive,P1_access_sensitive,in-place set update returning self; not an access/read path
boltons,boltons-25.0.0\boltons\socketutils.py,BufferedSocket,HIGH,likely true positive,P1_access_sensitive; P2_observation_mutates,source review found state mutation on a method/property/call path that returns a value or access handle
boltons,boltons-25.0.0\boltons\tbutils.py,_DeferredLine,MEDIUM,likely false positive,P1_access_sensitive,memoized string cache; repeated access returns the same line
more-itertools,more_itertools-11.0.2\more_itertools\more.py,seekable,HIGH,likely true positive,P1_access_sensitive; P2_observation_mutates,source review found state mutation on a method/property/call path that returns a value or access handle
more-itertools,more_itertools-11.0.2\more_itertools\more.py,time_limited,MEDIUM,likely true positive,P1_access_sensitive,source review found state mutation on a method/property/call path that returns a value or access handle
more-itertools,more_itertools-11.0.2\more_itertools\more.py,countable,MEDIUM,likely true positive,P1_access_sensitive,source review found state mutation on a method/property/call path that returns a value or access handle
toolz,toolz-1.1.0\toolz\functoolz.py,curry,MEDIUM,likely false positive,P1_access_sensitive,signature cache used for currying decision; semantic decision is stable
multidict,multidict-6.7.1\multidict\_multidict_py.py,MultiDict,MEDIUM,likely true positive,P1_access_sensitive,source review found state mutation on a method/property/call path that returns a value or access handle
marshmallow,marshmallow-4.3.0\src\marshmallow\experimental\context.py,Context,MEDIUM,likely false positive,P1_access_sensitive,context-manager token assignment returns self; no access-derived value
marshmallow,marshmallow-4.3.0\src\marshmallow\fields.py,Nested,MEDIUM,likely false positive,P1_access_sensitive,lazy schema cache; repeated access returns the same schema
cerberus,cerberus-1.3.8\cerberus\validator.py,BareValidator,MEDIUM,likely true positive,P1_access_sensitive,source review found state mutation on a method/property/call path that returns a value or access handle
tomlkit,tomlkit-0.15.0\tomlkit\items.py,Array,MEDIUM,likely false positive,P1_access_sensitive,fluent formatting mutator returns self; not an access/read path
tomlkit,tomlkit-0.15.0\tomlkit\source.py,_State,MEDIUM,likely false positive,P1_access_sensitive,context-manager state snapshot returns self; not access-derived
tomlkit,tomlkit-0.15.0\tomlkit\source.py,Source,MEDIUM,likely true positive,P1_access_sensitive,source review found state mutation on a method/property/call path that returns a value or access handle
tomlkit,tomlkit-0.15.0\tomlkit\toml_file.py,TOMLFile,MEDIUM,likely true positive,P1_access_sensitive,source review found state mutation on a method/property/call path that returns a value or access handle
python-dotenv,python_dotenv-1.2.2\src\dotenv\main.py,DotEnv,MEDIUM,likely false positive,P1_access_sensitive,memoized parsed dotenv dictionary; repeated access is stable
loguru,loguru-0.7.3\loguru\_file_sink.py,RotationTime,MEDIUM,likely true positive,P1_access_sensitive,source review found state mutation on a method/property/call path that returns a value or access handle
structlog,structlog-25.5.0\src\structlog\_config.py,BoundLoggerLazyProxy,MEDIUM,likely false positive,P1_access_sensitive,lazy binding cache/proxy setup; not access-evolving output
structlog,structlog-25.5.0\src\structlog\processors.py,KeyValueRenderer,MEDIUM,likely false positive,P1_access_sensitive,constructor/local setup pattern; not an access/read path
tenacity,tenacity-9.1.4\tenacity\asyncio\__init__.py,AsyncRetrying,MEDIUM,likely true positive,P1_access_sensitive,source review found state mutation on a method/property/call path that returns a value or access handle
pluggy,pluggy-1.6.0\src\pluggy\_manager.py,PluginManager,MEDIUM,likely false positive,P1_access_sensitive,monitor registration mutates manager and returns undo callback
packaging,packaging-26.2\src\packaging\_tokenizer.py,Tokenizer,MEDIUM,likely true positive,P1_access_sensitive,source review found state mutation on a method/property/call path that returns a value or access handle
packaging,packaging-26.2\src\packaging\specifiers.py,Specifier,MEDIUM,likely false positive,P1_access_sensitive,one-element version cache; repeated access is semantically stable
packaging,packaging-26.2\src\packaging\specifiers.py,SpecifierSet,MEDIUM,likely false positive,P1_access_sensitive,canonicalization cache; repeated access is semantically stable
packaging,packaging-26.2\src\packaging\version.py,Version,MEDIUM,likely false positive,P1_access_sensitive,memoized comparison key; semantic value is stable
importlib-metadata,importlib_metadata-9.0.0\importlib_metadata\__init__.py,FastPath,MEDIUM,likely false positive,P1_access_sensitive,deferred helper binding/cache; returned children are not access-evolving
importlib-metadata,importlib_metadata-9.0.0\importlib_metadata\_context.py,ExceptionTrap,MEDIUM,likely true positive,P1_access_sensitive,source review found state mutation on a method/property/call path that returns a value or access handle
jsonschema,jsonschema-4.26.0\jsonschema\validators.py,Validator,MEDIUM,likely false positive,P1_access_sensitive,deprecated lazy resolver cache; repeated access is stable
tqdm,tqdm-4.67.3\tqdm\contrib\discord.py,DiscordIO,MEDIUM,likely true positive,P1_access_sensitive,source review found state mutation on a method/property/call path that returns a value or access handle
tqdm,tqdm-4.67.3\tqdm\contrib\slack.py,SlackIO,MEDIUM,likely true positive,P1_access_sensitive,source review found state mutation on a method/property/call path that returns a value or access handle
tqdm,tqdm-4.67.3\tqdm\contrib\telegram.py,TelegramIO,MEDIUM,likely true positive,P1_access_sensitive,source review found state mutation on a method/property/call path that returns a value or access handle
tqdm,tqdm-4.67.3\tqdm\std.py,EMA,MEDIUM,likely true positive,P1_access_sensitive,source review found state mutation on a method/property/call path that returns a value or access handle
tqdm,tqdm-4.67.3\tqdm\std.py,tqdm,MEDIUM,likely true positive,P1_access_sensitive,source review found state mutation on a method/property/call path that returns a value or access handle
tqdm,tqdm-4.67.3\tqdm\utils.py,FormatReplace,MEDIUM,likely true positive,P1_access_sensitive,source review found state mutation on a method/property/call path that returns a value or access handle
anyio,anyio-4.13.0\src\anyio\_backends\_asyncio.py,Runner,MEDIUM,likely true positive,P1_access_sensitive,source review found state mutation on a method/property/call path that returns a value or access handle
anyio,anyio-4.13.0\src\anyio\_backends\_asyncio.py,CancelScope,MEDIUM,likely true positive,P1_access_sensitive,source review found state mutation on a method/property/call path that returns a value or access handle
anyio,anyio-4.13.0\src\anyio\_backends\_asyncio.py,StreamProtocol,MEDIUM,likely true positive,P1_access_sensitive,source review found state mutation on a method/property/call path that returns a value or access handle
anyio,anyio-4.13.0\src\anyio\_backends\_asyncio.py,_RawSocketMixin,MEDIUM,likely true positive,P1_access_sensitive,source review found state mutation on a method/property/call path that returns a value or access handle
anyio,anyio-4.13.0\src\anyio\_backends\_trio.py,_SignalReceiver,MEDIUM,likely true positive,P1_access_sensitive,source review found state mutation on a method/property/call path that returns a value or access handle
anyio,anyio-4.13.0\src\anyio\_core\_contextmanagers.py,ContextManagerMixin,MEDIUM,likely true positive,P1_access_sensitive,source review found state mutation on a method/property/call path that returns a value or access handle
anyio,anyio-4.13.0\src\anyio\_core\_synchronization.py,EventAdapter,MEDIUM,likely false positive,P1_access_sensitive,lazy backend primitive allocation; repeated access returns same event
anyio,anyio-4.13.0\src\anyio\_core\_synchronization.py,LockAdapter,MEDIUM,likely false positive,P1_access_sensitive,lazy backend primitive allocation; repeated access returns same lock
anyio,anyio-4.13.0\src\anyio\_core\_synchronization.py,SemaphoreAdapter,MEDIUM,likely false positive,P1_access_sensitive,lazy backend primitive allocation; repeated access returns same semaphore
anyio,anyio-4.13.0\src\anyio\_core\_synchronization.py,CapacityLimiterAdapter,MEDIUM,likely false positive,P1_access_sensitive,lazy backend primitive allocation; repeated access returns same limiter
anyio,anyio-4.13.0\src\anyio\from_thread.py,_BlockingAsyncContextManager,MEDIUM,likely true positive,P1_access_sensitive,source review found state mutation on a method/property/call path that returns a value or access handle
anyio,anyio-4.13.0\src\anyio\from_thread.py,BlockingPortalProvider,MEDIUM,likely true positive,P1_access_sensitive,source review found state mutation on a method/property/call path that returns a value or access handle
pyparsing,pyparsing-3.3.2\pyparsing\actions.py,OnlyOnce,MEDIUM,likely true positive,P1_access_sensitive,source review found state mutation on a method/property/call path that returns a value or access handle
pyparsing,pyparsing-3.3.2\pyparsing\core.py,ParserElement,MEDIUM,likely false positive,P1_access_sensitive,debug/configuration mutator returning self; not an access/read path
pyparsing,pyparsing-3.3.2\pyparsing\core.py,Regex,MEDIUM,likely false positive,P1_access_sensitive,compiled-regex cache; repeated access is semantically stable
pyparsing,pyparsing-3.3.2\pyparsing\core.py,ParseExpression,MEDIUM,likely false positive,P1_access_sensitive,grammar-builder append mutator returning self
pyparsing,pyparsing-3.3.2\pyparsing\core.py,And,MEDIUM,likely false positive,P1_access_sensitive,grammar streamlining mutates parser object and returns self
pyparsing,pyparsing-3.3.2\pyparsing\core.py,Or,MEDIUM,likely false positive,P1_access_sensitive,grammar streamlining mutates parser object and returns self
pyparsing,pyparsing-3.3.2\pyparsing\core.py,MatchFirst,MEDIUM,likely false positive,P1_access_sensitive,grammar streamlining mutates parser object and returns self
pyparsing,pyparsing-3.3.2\pyparsing\core.py,Each,MEDIUM,likely false positive,P1_access_sensitive,grammar streamlining mutates parser object and returns self
pyparsing,pyparsing-3.3.2\pyparsing\core.py,ParseElementEnhance,MEDIUM,likely false positive,P1_access_sensitive,whitespace configuration mutator returning self
pyparsing,pyparsing-3.3.2\pyparsing\core.py,_MultipleMatch,MEDIUM,likely false positive,P1_access_sensitive,grammar stop condition mutator returning self
pyparsing,pyparsing-3.3.2\pyparsing\core.py,Forward,MEDIUM,likely false positive,P1_access_sensitive,grammar assignment mutator returning self
pyparsing,pyparsing-3.3.2\pyparsing\results.py,ParseResults,MEDIUM,likely false positive,P1_access_sensitive,"constructor initialization path, not access-evolving semantics"
pyparsing,pyparsing-3.3.2\pyparsing\util.py,_UnboundedCache,MEDIUM,likely false positive,P1_access_sensitive,"constructor/local closure setup, not an access/read path"
pyparsing,pyparsing-3.3.2\pyparsing\util.py,_FifoCache,MEDIUM,likely false positive,P1_access_sensitive,"constructor/local closure setup, not an access/read path"
pyparsing,pyparsing-3.3.2\pyparsing\util.py,_GroupConsecutive,MEDIUM,likely true positive,P1_access_sensitive,source review found state mutation on a method/property/call path that returns a value or access handle
requests,requests-2.34.2\src\requests\models.py,Response,MEDIUM,likely true positive,P1_access_sensitive,source review found state mutation on a method/property/call path that returns a value or access handle
urllib3,urllib3-2.7.0\src\urllib3\connection.py,HTTPConnection,MEDIUM,likely true positive,P1_access_sensitive,source review found state mutation on a method/property/call path that returns a value or access handle
urllib3,urllib3-2.7.0\src\urllib3\connection.py,HTTPSConnection,MEDIUM,likely true positive,P1_access_sensitive,source review found state mutation on a method/property/call path that returns a value or access handle
urllib3,urllib3-2.7.0\src\urllib3\connectionpool.py,HTTPConnectionPool,MEDIUM,likely true positive,P1_access_sensitive,source review found state mutation on a method/property/call path that returns a value or access handle
urllib3,urllib3-2.7.0\src\urllib3\connectionpool.py,HTTPSConnectionPool,MEDIUM,likely true positive,P1_access_sensitive,source review found state mutation on a method/property/call path that returns a value or access handle
urllib3,urllib3-2.7.0\src\urllib3\contrib\emscripten\fetch.py,_ReadStream,MEDIUM,likely true positive,P1_access_sensitive,source review found state mutation on a method/property/call path that returns a value or access handle
urllib3,urllib3-2.7.0\src\urllib3\contrib\emscripten\fetch.py,_JSPIReadStream,MEDIUM,likely true positive,P1_access_sensitive,source review found state mutation on a method/property/call path that returns a value or access handle
urllib3,urllib3-2.7.0\src\urllib3\contrib\emscripten\response.py,EmscriptenHttpResponseWrapper,MEDIUM,likely true positive,P1_access_sensitive,source review found state mutation on a method/property/call path that returns a value or access handle
urllib3,urllib3-2.7.0\src\urllib3\response.py,DeflateDecoder,MEDIUM,likely true positive,P1_access_sensitive,source review found state mutation on a method/property/call path that returns a value or access handle
urllib3,urllib3-2.7.0\src\urllib3\response.py,GzipDecoder,MEDIUM,likely true positive,P1_access_sensitive,source review found state mutation on a method/property/call path that returns a value or access handle
urllib3,urllib3-2.7.0\src\urllib3\response.py,ZstdDecoder,MEDIUM,likely true positive,P1_access_sensitive,source review found state mutation on a method/property/call path that returns a value or access handle
urllib3,urllib3-2.7.0\src\urllib3\response.py,BytesQueueBuffer,MEDIUM,likely true positive,P1_access_sensitive,source review found state mutation on a method/property/call path that returns a value or access handle
urllib3,urllib3-2.7.0\src\urllib3\response.py,BaseHTTPResponse,MEDIUM,likely true positive,P1_access_sensitive,source review found state mutation on a method/property/call path that returns a value or access handle
urllib3,urllib3-2.7.0\src\urllib3\response.py,HTTPResponse,MEDIUM,likely false positive,P1_access_sensitive,connection release mutates state but returns no access-derived value
urllib3,urllib3-2.7.0\src\urllib3\util\timeout.py,Timeout,MEDIUM,likely true positive,P1_access_sensitive,source review found state mutation on a method/property/call path that returns a value or access handle
jinja2,jinja2-3.1.6\src\jinja2\compiler.py,CodeGenerator,MEDIUM,likely true positive,P1_access_sensitive,source review found state mutation on a method/property/call path that returns a value or access handle
jinja2,jinja2-3.1.6\src\jinja2\environment.py,Template,MEDIUM,likely false positive,P1_access_sensitive,lazy module cache; repeated access is normally stable
jinja2,jinja2-3.1.6\src\jinja2\ext.py,_CommentFinder,MEDIUM,likely true positive,P1_access_sensitive,source review found state mutation on a method/property/call path that returns a value or access handle
jinja2,jinja2-3.1.6\src\jinja2\idtracking.py,FrameSymbolVisitor,MEDIUM,likely false positive,P1_access_sensitive,visitor bookkeeping mutates state and returns None
jinja2,jinja2-3.1.6\src\jinja2\lexer.py,TokenStream,MEDIUM,likely true positive,P1_access_sensitive,source review found state mutation on a method/property/call path that returns a value or access handle
jinja2,jinja2-3.1.6\src\jinja2\lexer.py,Lexer,MEDIUM,likely false positive,P1_access_sensitive,constructor/local setup pattern; not an access/read path
jinja2,jinja2-3.1.6\src\jinja2\parser.py,Parser,MEDIUM,likely true positive,P1_access_sensitive,source review found state mutation on a method/property/call path that returns a value or access handle
jinja2,jinja2-3.1.6\src\jinja2\runtime.py,LoopContext,MEDIUM,likely true positive,P1_access_sensitive,source review found state mutation on a method/property/call path that returns a value or access handle
jinja2,jinja2-3.1.6\src\jinja2\utils.py,Cycler,MEDIUM,likely true positive,P1_access_sensitive,source review found state mutation on a method/property/call path that returns a value or access handle
jinja2,jinja2-3.1.6\src\jinja2\utils.py,Joiner,MEDIUM,likely true positive,P1_access_sensitive,source review found state mutation on a method/property/call path that returns a value or access handle
flask,flask-3.1.3\src\flask\app.py,Flask,MEDIUM,likely true positive,P1_access_sensitive,source review found state mutation on a method/property/call path that returns a value or access handle
flask,flask-3.1.3\src\flask\cli.py,ScriptInfo,MEDIUM,likely false positive,P1_access_sensitive,lazy app cache; repeated load returns the same application object
werkzeug,werkzeug-3.1.8\src\werkzeug\datastructures\mixins.py,ImmutableListMixin,MEDIUM,likely false positive,P1_access_sensitive,memoized hash cache; semantic hash value is stable
werkzeug,werkzeug-3.1.8\src\werkzeug\datastructures\mixins.py,ImmutableDictMixin,MEDIUM,likely false positive,P1_access_sensitive,memoized hash cache; semantic hash value is stable
werkzeug,werkzeug-3.1.8\src\werkzeug\debug\console.py,_InteractiveConsole,MEDIUM,likely false positive,P1_access_sensitive,constructor/local setup pattern; not an access/read path
werkzeug,werkzeug-3.1.8\src\werkzeug\local.py,_ProxyLookup,MEDIUM,likely false positive,P1_access_sensitive,descriptor/proxy setup pattern; not an access/read path
werkzeug,werkzeug-3.1.8\src\werkzeug\local.py,_ProxyIOp,MEDIUM,likely false positive,P1_access_sensitive,descriptor/proxy setup pattern; not an access/read path
werkzeug,werkzeug-3.1.8\src\werkzeug\middleware\http_proxy.py,ProxyMiddleware,MEDIUM,likely false positive,P1_access_sensitive,constructor/local setup pattern; not an access/read path
werkzeug,werkzeug-3.1.8\src\werkzeug\sansio\multipart.py,MultipartDecoder,MEDIUM,likely true positive,P1_access_sensitive,source review found state mutation on a method/property/call path that returns a value or access handle
werkzeug,werkzeug-3.1.8\src\werkzeug\sansio\multipart.py,MultipartEncoder,MEDIUM,likely true positive,P1_access_sensitive,source review found state mutation on a method/property/call path that returns a value or access handle
werkzeug,werkzeug-3.1.8\src\werkzeug\sansio\response.py,Response,MEDIUM,likely false positive,P1_access_sensitive,lazy header object cache; repeated access is semantically stable
werkzeug,werkzeug-3.1.8\src\werkzeug\serving.py,DechunkedInput,MEDIUM,likely true positive,P1_access_sensitive,source review found state mutation on a method/property/call path that returns a value or access handle
werkzeug,werkzeug-3.1.8\src\werkzeug\serving.py,WSGIRequestHandler,MEDIUM,likely true positive,P1_access_sensitive,source review found state mutation on a method/property/call path that returns a value or access handle
werkzeug,werkzeug-3.1.8\src\werkzeug\wrappers\request.py,Request,MEDIUM,likely false positive,P1_access_sensitive,request body cache; repeated access returns stable cached data
werkzeug,werkzeug-3.1.8\src\werkzeug\wrappers\response.py,Response,MEDIUM,likely true positive,P1_access_sensitive,source review found state mutation on a method/property/call path that returns a value or access handle
werkzeug,werkzeug-3.1.8\src\werkzeug\wsgi.py,_RangeWrapper,MEDIUM,likely true positive,P1_access_sensitive,source review found state mutation on a method/property/call path that returns a value or access handle
werkzeug,werkzeug-3.1.8\src\werkzeug\wsgi.py,LimitedStream,MEDIUM,likely true positive,P1_access_sensitive,source review found state mutation on a method/property/call path that returns a value or access handle
filelock,filelock-3.29.0\src\filelock\_read_write.py,ReadWriteLock,MEDIUM,likely true positive,P1_access_sensitive,source review found state mutation on a method/property/call path that returns a value or access handle
filelock,filelock-3.29.0\src\filelock\_soft_rw\_sync.py,SoftReadWriteLock,MEDIUM,likely true positive,P1_access_sensitive,source review found state mutation on a method/property/call path that returns a value or access handle
pathspec,pathspec-1.1.1\pathspec\_backends\hyperscan\gitignore.py,HyperscanGiBackend,MEDIUM,likely true positive,P1_access_sensitive,source review found state mutation on a method/property/call path that returns a value or access handle
pathspec,pathspec-1.1.1\pathspec\_backends\hyperscan\pathspec.py,HyperscanPsBackend,MEDIUM,likely true positive,P1_access_sensitive,source review found state mutation on a method/property/call path that returns a value or access handle
pathspec,pathspec-1.1.1\pathspec\pathspec.py,PathSpec,MEDIUM,likely false positive,P1_access_sensitive,in-place pattern-list update returning self; not an access/read path
dacite,dacite-1.9.2\dacite\frozen_dict.py,FrozenDict,MEDIUM,likely false positive,P1_access_sensitive,memoized hash cache; semantic hash value is stable
wrapt,wrapt-2.2.0\src\wrapt\caching.py,_LRUCacheFunctionWrapper,MEDIUM,likely false positive,P1_access_sensitive,LRU memoization wrapper; cache fill does not indicate access-evolving object semantics
wrapt,wrapt-2.2.0\src\wrapt\decorators.py,_StateBindingWrapper,MEDIUM,likely false positive,P1_access_sensitive,decorator binding wrapper setup; not an access/read path
wrapt,wrapt-2.2.0\src\wrapt\proxies.py,LazyObjectProxy,MEDIUM,likely false positive,P1_access_sensitive,lazy proxy target cache; repeated access returns stable wrapped object
wrapt,wrapt-2.2.0\src\wrapt\synchronization.py,_SynchronizedFunctionWrapper,MEDIUM,likely true positive,P1_access_sensitive,source review found state mutation on a method/property/call path that returns a value or access handle
wrapt,wrapt-2.2.0\src\wrapt\wrappers.py,ObjectProxy,MEDIUM,likely false positive,P1_access_sensitive,in-place operator forwarding returning self; not an access/read path
wrapt,wrapt-2.2.0\src\wrapt\wrappers.py,PartialCallableObjectProxy,MEDIUM,likely false positive,P1_access_sensitive,constructor/local setup pattern; not an access/read path
dateparser,dateparser-1.4.0\dateparser\date.py,_DateLocaleParser,MEDIUM,likely false positive,P1_access_sensitive,lazy translated-date cache; repeated access is semantically stable
dateparser,dateparser-1.4.0\dateparser\parser.py,_parser,MEDIUM,likely true positive,P1_access_sensitive,source review found state mutation on a method/property/call path that returns a value or access handle
parsedatetime,parsedatetime-2.6\parsedatetime\__init__.py,Constants,MEDIUM,likely false positive,P1_access_sensitive,constructor/local setup pattern; not an access/read path
Babel,babel-2.18.0\babel\core.py,Locale,MEDIUM,likely false positive,P1_access_sensitive,lazy locale-data cache; repeated access is semantically stable
Babel,babel-2.18.0\babel\messages\catalog.py,Catalog,MEDIUM,likely false positive,P1_access_sensitive,lazy plural-count cache; repeated access is semantically stable
Babel,babel-2.18.0\babel\messages\frontend.py,CommandLineInterface,MEDIUM,likely true positive,P1_access_sensitive,source review found state mutation on a method/property/call path that returns a value or access handle
Babel,babel-2.18.0\babel\plural.py,PluralRule,MEDIUM,likely false positive,P1_access_sensitive,lazy compiled-rule cache; repeated access returns stable semantics
soupsieve,soupsieve-2.8.3\soupsieve\css_match.py,CSSMatch,MEDIUM,likely true positive,P1_access_sensitive,source review found state mutation on a method/property/call path that returns a value or access handle
soupsieve,soupsieve-2.8.3\soupsieve\css_parser.py,SpecialPseudoPattern,MEDIUM,likely true positive,P1_access_sensitive,source review found state mutation on a method/property/call path that returns a value or access handle
beautifulsoup4,beautifulsoup4-4.14.3\bs4\__init__.py,BeautifulSoup,MEDIUM,likely false positive,P1_access_sensitive,constructor/tree-builder setup pattern; not an access/read path
beautifulsoup4,beautifulsoup4-4.14.3\bs4\builder\_html5lib.py,HTML5TreeBuilder,MEDIUM,likely true positive,P1_access_sensitive,source review found state mutation on a method/property/call path that returns a value or access handle
beautifulsoup4,beautifulsoup4-4.14.3\bs4\element.py,PageElement,MEDIUM,likely true positive,P1_access_sensitive,source review found state mutation on a method/property/call path that returns a value or access handle
pygments,pygments-2.20.0\pygments\formatters\groff.py,GroffFormatter,MEDIUM,likely true positive,P1_access_sensitive,source review found state mutation on a method/property/call path that returns a value or access handle
pygments,pygments-2.20.0\pygments\formatters\latex.py,LatexFormatter,MEDIUM,likely false positive,P1_access_sensitive,stylesheet construction cache; repeated access is semantically stable
pygments,pygments-2.20.0\pygments\formatters\terminal256.py,EscapeSequence,MEDIUM,likely true positive,P1_access_sensitive,source review found state mutation on a method/property/call path that returns a value or access handle
pygments,pygments-2.20.0\pygments\lexers\mime.py,MIMELexer,MEDIUM,likely true positive,P1_access_sensitive,source review found state mutation on a method/property/call path that returns a value or access handle
pygments,pygments-2.20.0\pygments\lexers\modula2.py,Modula2Lexer,MEDIUM,likely true positive,P1_access_sensitive,source review found state mutation on a method/property/call path that returns a value or access handle
pygments,pygments-2.20.0\pygments\lexers\robotframework.py,Tokenizer,MEDIUM,likely true positive,P1_access_sensitive,source review found state mutation on a method/property/call path that returns a value or access handle
pygments,pygments-2.20.0\pygments\lexers\robotframework.py,Setting,MEDIUM,likely true positive,P1_access_sensitive,source review found state mutation on a method/property/call path that returns a value or access handle
pygments,pygments-2.20.0\pygments\lexers\robotframework.py,KeywordCall,MEDIUM,likely true positive,P1_access_sensitive,source review found state mutation on a method/property/call path that returns a value or access handle
pygments,pygments-2.20.0\pygments\lexers\robotframework.py,ForLoop,MEDIUM,likely true positive,P1_access_sensitive,source review found state mutation on a method/property/call path that returns a value or access handle
pygments,pygments-2.20.0\pygments\lexers\robotframework.py,SettingTable,MEDIUM,likely true positive,P1_access_sensitive,source review found state mutation on a method/property/call path that returns a value or access handle
pygments,pygments-2.20.0\pygments\lexers\robotframework.py,TestCaseTable,MEDIUM,likely true positive,P1_access_sensitive,source review found state mutation on a method/property/call path that returns a value or access handle
pygments,pygments-2.20.0\pygments\lexers\sql.py,PostgresBase,MEDIUM,likely true positive,P1_access_sensitive,source review found state mutation on a method/property/call path that returns a value or access handle
pygments,pygments-2.20.0\pygments\lexers\sql.py,lookahead,MEDIUM,likely true positive,P1_access_sensitive,source review found state mutation on a method/property/call path that returns a value or access handle
pygments,pygments-2.20.0\pygments\lexers\textfmts.py,HttpLexer,MEDIUM,likely true positive,P1_access_sensitive,source review found state mutation on a method/property/call path that returns a value or access handle
pygments,pygments-2.20.0\pygments\lexers\tnt.py,TNTLexer,MEDIUM,likely true positive,P1_access_sensitive,source review found state mutation on a method/property/call path that returns a value or access handle
pygments,pygments-2.20.0\pygments\scanner.py,Scanner,MEDIUM,likely true positive,P1_access_sensitive,source review found state mutation on a method/property/call path that returns a value or access handle
pygments,pygments-2.20.0\pygments\sphinxext.py,PygmentsDoc,MEDIUM,likely true positive,P1_access_sensitive,source review found state mutation on a method/property/call path that returns a value or access handle
pygments,pygments-2.20.0\scripts\debug_lexer.py,DebuggingRegexLexer,MEDIUM,likely true positive,P1_access_sensitive,source review found state mutation on a method/property/call path that returns a value or access handle
markdown,markdown-3.10.2\markdown\blockparser.py,BlockParser,MEDIUM,likely true positive,P1_access_sensitive,source review found state mutation on a method/property/call path that returns a value or access handle
markdown,markdown-3.10.2\markdown\blockprocessors.py,OListProcessor,MEDIUM,likely true positive,P1_access_sensitive,source review found state mutation on a method/property/call path that returns a value or access handle
markdown,markdown-3.10.2\markdown\blockprocessors.py,HRProcessor,MEDIUM,likely true positive,P1_access_sensitive,source review found state mutation on a method/property/call path that returns a value or access handle
markdown,markdown-3.10.2\markdown\core.py,Markdown,MEDIUM,likely true positive,P1_access_sensitive,source review found state mutation on a method/property/call path that returns a value or access handle
markdown,markdown-3.10.2\markdown\extensions\admonition.py,AdmonitionProcessor,MEDIUM,likely true positive,P1_access_sensitive,source review found state mutation on a method/property/call path that returns a value or access handle
markdown,markdown-3.10.2\markdown\extensions\codehilite.py,CodeHilite,MEDIUM,likely true positive,P1_access_sensitive,source review found state mutation on a method/property/call path that returns a value or access handle
markdown,markdown-3.10.2\markdown\extensions\fenced_code.py,FencedBlockPreprocessor,MEDIUM,likely true positive,P1_access_sensitive,source review found state mutation on a method/property/call path that returns a value or access handle
markdown,markdown-3.10.2\markdown\extensions\md_in_html.py,HTMLExtractorExtra,MEDIUM,likely true positive,P1_access_sensitive,source review found state mutation on a method/property/call path that returns a value or access handle
markdown,markdown-3.10.2\markdown\extensions\tables.py,TableProcessor,MEDIUM,likely true positive,P1_access_sensitive,source review found state mutation on a method/property/call path that returns a value or access handle
markdown,markdown-3.10.2\markdown\htmlparser.py,HTMLExtractor,MEDIUM,likely true positive,P1_access_sensitive,source review found state mutation on a method/property/call path that returns a value or access handle
markdown,markdown-3.10.2\markdown\treeprocessors.py,InlineProcessor,MEDIUM,likely true positive,P1_access_sensitive,source review found state mutation on a method/property/call path that returns a value or access handle
markdown,markdown-3.10.2\markdown\util.py,HtmlStash,MEDIUM,likely true positive,P1_access_sensitive,source review found state mutation on a method/property/call path that returns a value or access handle
docutils,docutils-0.22.4\docutils\core.py,Publisher,MEDIUM,likely true positive,P1_access_sensitive,source review found state mutation on a method/property/call path that returns a value or access handle
docutils,docutils-0.22.4\docutils\frontend.py,OptionParser,MEDIUM,likely true positive,P1_access_sensitive,source review found state mutation on a method/property/call path that returns a value or access handle
docutils,docutils-0.22.4\docutils\io.py,Input,MEDIUM,likely true positive,P1_access_sensitive,source review found state mutation on a method/property/call path that returns a value or access handle
docutils,docutils-0.22.4\docutils\io.py,StringOutput,MEDIUM,likely true positive,P1_access_sensitive,source review found state mutation on a method/property/call path that returns a value or access handle
docutils,docutils-0.22.4\docutils\parsers\rst\directives\body.py,LineBlock,MEDIUM,likely true positive,P1_access_sensitive,source review found state mutation on a method/property/call path that returns a value or access handle
docutils,docutils-0.22.4\docutils\parsers\rst\directives\misc.py,Include,MEDIUM,likely true positive,P1_access_sensitive,source review found state mutation on a method/property/call path that returns a value or access handle
docutils,docutils-0.22.4\docutils\parsers\rst\directives\misc.py,MetaBody,MEDIUM,likely true positive,P1_access_sensitive,source review found state mutation on a method/property/call path that returns a value or access handle
docutils,docutils-0.22.4\docutils\parsers\rst\states.py,NestedStateMachine,MEDIUM,likely true positive,P1_access_sensitive,source review found state mutation on a method/property/call path that returns a value or access handle
docutils,docutils-0.22.4\docutils\parsers\rst\states.py,RSTState,MEDIUM,likely true positive,P1_access_sensitive,source review found state mutation on a method/property/call path that returns a value or access handle
docutils,docutils-0.22.4\docutils\parsers\rst\states.py,Inliner,MEDIUM,likely true positive,P1_access_sensitive,source review found state mutation on a method/property/call path that returns a value or access handle
docutils,docutils-0.22.4\docutils\parsers\rst\states.py,Body,MEDIUM,likely true positive,P1_access_sensitive,source review found state mutation on a method/property/call path that returns a value or access handle
docutils,docutils-0.22.4\docutils\parsers\rst\states.py,RFC2822Body,MEDIUM,likely true positive,P1_access_sensitive,source review found state mutation on a method/property/call path that returns a value or access handle
docutils,docutils-0.22.4\docutils\parsers\rst\states.py,BulletList,MEDIUM,likely true positive,P1_access_sensitive,source review found state mutation on a method/property/call path that returns a value or access handle
docutils,docutils-0.22.4\docutils\parsers\rst\states.py,EnumeratedList,MEDIUM,likely true positive,P1_access_sensitive,source review found state mutation on a method/property/call path that returns a value or access handle
docutils,docutils-0.22.4\docutils\parsers\rst\states.py,FieldList,MEDIUM,likely true positive,P1_access_sensitive,source review found state mutation on a method/property/call path that returns a value or access handle
docutils,docutils-0.22.4\docutils\parsers\rst\states.py,OptionList,MEDIUM,likely true positive,P1_access_sensitive,source review found state mutation on a method/property/call path that returns a value or access handle
docutils,docutils-0.22.4\docutils\parsers\rst\states.py,RFC2822List,MEDIUM,likely true positive,P1_access_sensitive,source review found state mutation on a method/property/call path that returns a value or access handle
docutils,docutils-0.22.4\docutils\parsers\rst\states.py,LineBlock,MEDIUM,likely true positive,P1_access_sensitive,source review found state mutation on a method/property/call path that returns a value or access handle
docutils,docutils-0.22.4\docutils\parsers\rst\states.py,Explicit,MEDIUM,likely true positive,P1_access_sensitive,source review found state mutation on a method/property/call path that returns a value or access handle
docutils,docutils-0.22.4\docutils\parsers\rst\states.py,Text,MEDIUM,likely true positive,P1_access_sensitive,source review found state mutation on a method/property/call path that returns a value or access handle
docutils,docutils-0.22.4\docutils\parsers\rst\states.py,Definition,MEDIUM,likely true positive,P1_access_sensitive,source review found state mutation on a method/property/call path that returns a value or access handle
docutils,docutils-0.22.4\docutils\parsers\rst\states.py,Line,MEDIUM,likely true positive,P1_access_sensitive,source review found state mutation on a method/property/call path that returns a value or access handle
docutils,docutils-0.22.4\docutils\parsers\rst\states.py,QuotedLiteralBlock,MEDIUM,likely true positive,P1_access_sensitive,source review found state mutation on a method/property/call path that returns a value or access handle
docutils,docutils-0.22.4\docutils\readers\__init__.py,Reader,MEDIUM,likely true positive,P1_access_sensitive,source review found state mutation on a method/property/call path that returns a value or access handle
docutils,docutils-0.22.4\docutils\statemachine.py,StateMachine,MEDIUM,likely true positive,P1_access_sensitive,source review found state mutation on a method/property/call path that returns a value or access handle
docutils,docutils-0.22.4\docutils\statemachine.py,ViewList,MEDIUM,likely true positive,P1_access_sensitive,source review found state mutation on a method/property/call path that returns a value or access handle
docutils,docutils-0.22.4\docutils\transforms\__init__.py,Transformer,MEDIUM,likely true positive,P1_access_sensitive,source review found state mutation on a method/property/call path that returns a value or access handle
docutils,docutils-0.22.4\docutils\utils\__init__.py,Reporter,MEDIUM,likely true positive,P1_access_sensitive,source review found state mutation on a method/property/call path that returns a value or access handle
docutils,docutils-0.22.4\docutils\utils\math\mathml_elements.py,MathElement,MEDIUM,likely true positive,P1_access_sensitive,source review found state mutation on a method/property/call path that returns a value or access handle
docutils,docutils-0.22.4\docutils\utils\math\mathml_elements.py,MathSchema,MEDIUM,likely true positive,P1_access_sensitive,source review found state mutation on a method/property/call path that returns a value or access handle
docutils,docutils-0.22.4\docutils\writers\__init__.py,Writer,MEDIUM,likely true positive,P1_access_sensitive,source review found state mutation on a method/property/call path that returns a value or access handle
docutils,docutils-0.22.4\docutils\writers\latex2e\__init__.py,Babel,MEDIUM,likely true positive,P1_access_sensitive,source review found state mutation on a method/property/call path that returns a value or access handle
docutils,docutils-0.22.4\docutils\writers\latex2e\__init__.py,Table,MEDIUM,likely true positive,P1_access_sensitive,source review found state mutation on a method/property/call path that returns a value or access handle
docutils,docutils-0.22.4\docutils\writers\latex2e\__init__.py,LaTeXTranslator,MEDIUM,likely true positive,P1_access_sensitive,source review found state mutation on a method/property/call path that returns a value or access handle
docutils,docutils-0.22.4\docutils\writers\manpage.py,Translator,MEDIUM,likely true positive,P1_access_sensitive,source review found state mutation on a method/property/call path that returns a value or access handle
docutils,docutils-0.22.4\docutils\writers\manpage.py,EnumChar,MEDIUM,likely true positive,P1_access_sensitive,source review found state mutation on a method/property/call path that returns a value or access handle
docutils,docutils-0.22.4\docutils\writers\odf_odt\__init__.py,ODFTranslator,MEDIUM,likely true positive,P1_access_sensitive,source review found state mutation on a method/property/call path that returns a value or access handle
docutils,docutils-0.22.4\docutils\writers\pep_html\__init__.py,Writer,MEDIUM,likely true positive,P1_access_sensitive,source review found state mutation on a method/property/call path that returns a value or access handle
pydocstyle,pydocstyle-6.3.0\src\pydocstyle\parser.py,TokenStream,MEDIUM,likely true positive,P1_access_sensitive,source review found state mutation on a method/property/call path that returns a value or access handle
pydocstyle,pydocstyle-6.3.0\src\pydocstyle\parser.py,Parser,MEDIUM,likely true positive,P1_access_sensitive,source review found state mutation on a method/property/call path that returns a value or access handle
pydocstyle,pydocstyle-6.3.0\src\pydocstyle\violations.py,Error,MEDIUM,likely true positive,P1_access_sensitive,source review found state mutation on a method/property/call path that returns a value or access handle
flake8,flake8-7.3.0\src\flake8\processor.py,FileProcessor,MEDIUM,likely true positive,P1_access_sensitive,source review found state mutation on a method/property/call path that returns a value or access handle
mccabe,mccabe-0.7.0\mccabe.py,ASTVisitor,MEDIUM,likely true positive,P1_access_sensitive,source review found state mutation on a method/property/call path that returns a value or access handle
mccabe,mccabe-0.7.0\mccabe.py,PathGraphingAstVisitor,MEDIUM,likely true positive,P1_access_sensitive,source review found state mutation on a method/property/call path that returns a value or access handle
pycodestyle,pycodestyle-2.14.0\pycodestyle.py,Checker,MEDIUM,likely true positive,P1_access_sensitive,source review found state mutation on a method/property/call path that returns a value or access handle
pycodestyle,pycodestyle-2.14.0\pycodestyle.py,BaseReport,MEDIUM,likely true positive,P1_access_sensitive,source review found state mutation on a method/property/call path that returns a value or access handle
pycodestyle,pycodestyle-2.14.0\pycodestyle.py,StandardReport,MEDIUM,likely true positive,P1_access_sensitive,source review found state mutation on a method/property/call path that returns a value or access handle
click-option-group,click_option_group-0.5.9\src\click_option_group\_decorators.py,_OptGroup,MEDIUM,likely true positive,P1_access_sensitive,source review found state mutation on a method/property/call path that returns a value or access handle
fastjsonschema,fastjsonschema-2.21.2\fastjsonschema\generator.py,CodeGenerator,MEDIUM,likely true positive,P1_access_sensitive,source review found state mutation on a method/property/call path that returns a value or access handle
jsonpatch,jsonpatch-1.33\jsonpatch.py,RemoveOperation,MEDIUM,likely true positive,P1_access_sensitive,source review found state mutation on a method/property/call path that returns a value or access handle
jsonpatch,jsonpatch-1.33\jsonpatch.py,AddOperation,MEDIUM,likely true positive,P1_access_sensitive,source review found state mutation on a method/property/call path that returns a value or access handle
jsonpatch,jsonpatch-1.33\jsonpatch.py,MoveOperation,MEDIUM,likely true positive,P1_access_sensitive,source review found state mutation on a method/property/call path that returns a value or access handle
dnspython,dnspython-2.8.0\dns\btree.py,_Node,MEDIUM,likely true positive,P1_access_sensitive,source review found state mutation on a method/property/call path that returns a value or access handle
dnspython,dnspython-2.8.0\dns\btree.py,Cursor,MEDIUM,likely true positive,P1_access_sensitive,source review found state mutation on a method/property/call path that returns a value or access handle
dnspython,dnspython-2.8.0\dns\btree.py,BTree,MEDIUM,likely true positive,P1_access_sensitive,source review found state mutation on a method/property/call path that returns a value or access handle
dnspython,dnspython-2.8.0\dns\entropy.py,EntropyPool,MEDIUM,likely true positive,P1_access_sensitive,source review found state mutation on a method/property/call path that returns a value or access handle
dnspython,dnspython-2.8.0\dns\message.py,Message,MEDIUM,likely true positive,P1_access_sensitive,source review found state mutation on a method/property/call path that returns a value or access handle
dnspython,dnspython-2.8.0\dns\message.py,_WireReader,MEDIUM,likely true positive,P1_access_sensitive,source review found state mutation on a method/property/call path that returns a value or access handle
dnspython,dnspython-2.8.0\dns\message.py,_TextReader,MEDIUM,likely true positive,P1_access_sensitive,source review found state mutation on a method/property/call path that returns a value or access handle
dnspython,dnspython-2.8.0\dns\quic\_common.py,Buffer,MEDIUM,likely true positive,P1_access_sensitive,source review found state mutation on a method/property/call path that returns a value or access handle
dnspython,dnspython-2.8.0\dns\rdtypes\ANY\OPT.py,OPT,MEDIUM,likely true positive,P1_access_sensitive,source review found state mutation on a method/property/call path that returns a value or access handle
dnspython,dnspython-2.8.0\dns\resolver.py,_Resolution,MEDIUM,likely true positive,P1_access_sensitive,source review found state mutation on a method/property/call path that returns a value or access handle
dnspython,dnspython-2.8.0\dns\resolver.py,BaseResolver,MEDIUM,likely true positive,P1_access_sensitive,source review found state mutation on a method/property/call path that returns a value or access handle
dnspython,dnspython-2.8.0\dns\serial.py,Serial,MEDIUM,likely true positive,P1_access_sensitive,source review found state mutation on a method/property/call path that returns a value or access handle
dnspython,dnspython-2.8.0\dns\tokenizer.py,Tokenizer,MEDIUM,likely true positive,P1_access_sensitive,source review found state mutation on a method/property/call path that returns a value or access handle
dnspython,dnspython-2.8.0\dns\versioned.py,Zone,MEDIUM,likely true positive,P1_access_sensitive,source review found state mutation on a method/property/call path that returns a value or access handle
dnspython,dnspython-2.8.0\dns\wire.py,Parser,MEDIUM,likely true positive,P1_access_sensitive,source review found state mutation on a method/property/call path that returns a value or access handle
dnspython,dnspython-2.8.0\dns\xfr.py,Inbound,MEDIUM,likely true positive,P1_access_sensitive,source review found state mutation on a method/property/call path that returns a value or access handle
dnspython,dnspython-2.8.0\dns\zonefile.py,Reader,MEDIUM,likely true positive,P1_access_sensitive,source review found state mutation on a method/property/call path that returns a value or access handle
h11,h11-0.16.0\h11\_readers.py,ContentLengthReader,MEDIUM,likely true positive,P1_access_sensitive,source review found state mutation on a method/property/call path that returns a value or access handle
h11,h11-0.16.0\h11\_readers.py,ChunkedReader,MEDIUM,likely true positive,P1_access_sensitive,source review found state mutation on a method/property/call path that returns a value or access handle
h11,h11-0.16.0\h11\_receivebuffer.py,ReceiveBuffer,MEDIUM,likely true positive,P1_access_sensitive,source review found state mutation on a method/property/call path that returns a value or access handle
h2,h2-4.3.0\src\h2\connection.py,H2ConnectionStateMachine,MEDIUM,likely true positive,P1_access_sensitive,source review found state mutation on a method/property/call path that returns a value or access handle
h2,h2-4.3.0\src\h2\connection.py,H2Connection,MEDIUM,likely true positive,P1_access_sensitive,source review found state mutation on a method/property/call path that returns a value or access handle
h2,h2-4.3.0\src\h2\frame_buffer.py,FrameBuffer,MEDIUM,likely true positive,P1_access_sensitive,source review found state mutation on a method/property/call path that returns a value or access handle
h2,h2-4.3.0\src\h2\stream.py,H2StreamStateMachine,MEDIUM,likely true positive,P1_access_sensitive,source review found state mutation on a method/property/call path that returns a value or access handle
h2,h2-4.3.0\src\h2\stream.py,H2Stream,MEDIUM,likely true positive,P1_access_sensitive,source review found state mutation on a method/property/call path that returns a value or access handle
h2,h2-4.3.0\src\h2\windows.py,WindowManager,MEDIUM,likely true positive,P1_access_sensitive,source review found state mutation on a method/property/call path that returns a value or access handle
wsproto,wsproto-1.3.2\src\wsproto\__init__.py,WSConnection,MEDIUM,likely true positive,P1_access_sensitive,source review found state mutation on a method/property/call path that returns a value or access handle
wsproto,wsproto-1.3.2\src\wsproto\connection.py,Connection,MEDIUM,likely true positive,P1_access_sensitive,source review found state mutation on a method/property/call path that returns a value or access handle
wsproto,wsproto-1.3.2\src\wsproto\extensions.py,PerMessageDeflate,MEDIUM,likely true positive,P1_access_sensitive,source review found state mutation on a method/property/call path that returns a value or access handle
wsproto,wsproto-1.3.2\src\wsproto\frame_protocol.py,XorMaskerSimple,MEDIUM,likely true positive,P1_access_sensitive,source review found state mutation on a method/property/call path that returns a value or access handle
wsproto,wsproto-1.3.2\src\wsproto\frame_protocol.py,Buffer,MEDIUM,likely true positive,P1_access_sensitive,source review found state mutation on a method/property/call path that returns a value or access handle
wsproto,wsproto-1.3.2\src\wsproto\frame_protocol.py,MessageDecoder,MEDIUM,likely true positive,P1_access_sensitive,source review found state mutation on a method/property/call path that returns a value or access handle
wsproto,wsproto-1.3.2\src\wsproto\frame_protocol.py,FrameDecoder,MEDIUM,likely true positive,P1_access_sensitive,source review found state mutation on a method/property/call path that returns a value or access handle
wsproto,wsproto-1.3.2\src\wsproto\frame_protocol.py,FrameProtocol,MEDIUM,likely true positive,P1_access_sensitive,source review found state mutation on a method/property/call path that returns a value or access handle
wsproto,wsproto-1.3.2\src\wsproto\handshake.py,H11Handshake,MEDIUM,likely true positive,P1_access_sensitive,source review found state mutation on a method/property/call path that returns a value or access handle
websockets,websockets-16.0\src\websockets\asyncio\async_timeout.py,Timeout,MEDIUM,likely true positive,P1_access_sensitive,source review found state mutation on a method/property/call path that returns a value or access handle
websockets,websockets-16.0\src\websockets\asyncio\client.py,connect,MEDIUM,likely true positive,P1_access_sensitive,source review found state mutation on a method/property/call path that returns a value or access handle
websockets,websockets-16.0\src\websockets\asyncio\server.py,serve,MEDIUM,likely true positive,P1_access_sensitive,source review found state mutation on a method/property/call path that returns a value or access handle
websockets,websockets-16.0\src\websockets\extensions\permessage_deflate.py,PerMessageDeflate,MEDIUM,likely true positive,P1_access_sensitive,source review found state mutation on a method/property/call path that returns a value or access handle
websockets,websockets-16.0\src\websockets\server.py,ServerProtocol,MEDIUM,likely true positive,P1_access_sensitive,source review found state mutation on a method/property/call path that returns a value or access handle
websockets,websockets-16.0\src\websockets\sync\messages.py,Assembler,MEDIUM,likely true positive,P1_access_sensitive,source review found state mutation on a method/property/call path that returns a value or access handle
